Date,DayDate,Sales,ProductCategory,CountryCode
201501,2025-08-28,28183,gift_sets,C1
201501,2025-08-28,60604,nail&hair,C1
201501,2025-08-28,18584,painkillers&stomachtablets,C1
201501,2025-08-28,21755,gift_sets,C2
201501,2025-08-28,46782,nail&hair,C2
201501,2025-08-28,14345,painkillers&stomachtablets,C2
201501,2025-08-28,141705,perfume,C2
201501,2025-08-28,24722,gift_sets,C3
201501,2025-08-28,53162,nail&hair,C3
201501,2025-08-28,16301,painkillers&stomachtablets,C3
201501,2025-08-28,161028,perfume,C3
201501,2025-08-28,29666,gift_sets,C4
201501,2025-08-28,193234,perfume,C4
201501,2025-08-28,28183,gift_sets,C5
201501,2025-08-28,60604,nail&hair,C5
201501,2025-08-28,18584,painkillers&stomachtablets,C5
201501,2025-08-28,183572,perfume,C5
201501,2025-08-28,17799,gift_sets,C6
201501,2025-08-28,38276,nail&hair,C6
201501,2025-08-28,11737,painkillers&stomachtablets,C6
201501,2025-08-28,115940,perfume,C6
201502,2025-08-28,25136,gift_sets,C1
201502,2025-08-29,54991,nail&hair,C1
201502,2025-08-29,17391,painkillers&stomachtablets,C1
201502,2025-08-29,19403,gift_sets,C2
201502,2025-08-29,42449,nail&hair,C2
201502,2025-08-29,13424,painkillers&stomachtablets,C2
201502,2025-08-29,147265,perfume,C2
201502,2025-08-29,22049,gift_sets,C3
201502,2025-08-29,48238,nail&hair,C3
201502,2025-08-29,15255,painkillers&stomachtablets,C3
201502,2025-08-29,167347,perfume,C3
201502,2025-08-29,26459,gift_sets,C4
201502,2025-08-29,200816,perfume,C4
201502,2025-08-29,25136,gift_sets,C5
201502,2025-08-29,54991,nail&hair,C5
201502,2025-08-29,17391,painkillers&stomachtablets,C5
201502,2025-08-29,190776,perfume,C5
201502,2025-08-29,15875,gift_sets,C6
201502,2025-08-29,34731,nail&hair,C6
201502,2025-08-29,10984,painkillers&stomachtablets,C6
201502,2025-08-29,120489,perfume,C6
201503,2025-08-30,27156,gift_sets,C1
201503,2025-08-30,61250,nail&hair,C1
201503,2025-08-30,22330,painkillers&stomachtablets,C1
201503,2025-08-30,20962,gift_sets,C2
201503,2025-08-30,47281,nail&hair,C2
201503,2025-08-30,17237,painkillers&stomachtablets,C2
201503,2025-08-30,162516,perfume,C2
201503,2025-08-30,23821,gift_sets,C3
201503,2025-08-30,53728,nail&hair,C3
201503,2025-08-30,19588,painkillers&stomachtablets,C3
201503,2025-08-30,184677,perfume,C3
201503,2025-08-30,28585,gift_sets,C4
201503,2025-08-30,221612,perfume,C4
201503,2025-08-30,27156,gift_sets,C5
201503,2025-08-30,61250,nail&hair,C5
201503,2025-08-30,22330,painkillers&stomachtablets,C5
201503,2025-08-30,210532,perfume,C5
201503,2025-08-30,17151,gift_sets,C6
201503,2025-08-30,38684,nail&hair,C6
201503,2025-08-30,14103,painkillers&stomachtablets,C6
201503,2025-08-30,132968,perfume,C6
201504,2025-08-31,27587,gift_sets,C1
201504,2025-08-31,55339,nail&hair,C1
201504,2025-08-31,20571,painkillers&stomachtablets,C1
201504,2025-08-31,21294,gift_sets,C2
201504,2025-08-31,42718,nail&hair,C2
201504,2025-08-31,15879,painkillers&stomachtablets,C2
201504,2025-08-31,147424,perfume,C2
201504,2025-08-31,24199,gift_sets,C3
201504,2025-08-31,48543,nail&hair,C3
201504,2025-08-31,18044,painkillers&stomachtablets,C3
201504,2025-08-31,167527,perfume,C3
201504,2025-08-31,29038,gift_sets,C4
201504,2025-08-31,201033,perfume,C4
201504,2025-08-31,27587,gift_sets,C5
201504,2025-08-31,55339,nail&hair,C5
201504,2025-08-31,20571,painkillers&stomachtablets,C5
201504,2025-08-31,190981,perfume,C5
201504,2025-08-31,17423,gift_sets,C6
201504,2025-08-31,34950,nail&hair,C6
201504,2025-08-31,12992,painkillers&stomachtablets,C6
201504,2025-08-31,120620,perfume,C6
201505,2025-09-01,23315,gift_sets,C1
201505,2025-09-01,53948,nail&hair,C1
201505,2025-09-01,22027,painkillers&stomachtablets,C1
201505,2025-09-01,17997,gift_sets,C2
201505,2025-09-01,41644,nail&hair,C2
201505,2025-09-01,17003,painkillers&stomachtablets,C2
201505,2025-09-01,146471,perfume,C2
201505,2025-09-01,20451,gift_sets,C3
201505,2025-09-01,47322,nail&hair,C3
201505,2025-09-01,19322,painkillers&stomachtablets,C3
201505,2025-09-01,166444,perfume,C3
201505,2025-09-01,24541,gift_sets,C4
201505,2025-09-01,199733,perfume,C4
201505,2025-09-01,23315,gift_sets,C5
201505,2025-09-01,53948,nail&hair,C5
201505,2025-09-01,22027,painkillers&stomachtablets,C5
201505,2025-09-01,189746,perfume,C5
201505,2025-09-01,14725,gift_sets,C6
201505,2025-09-01,34072,nail&hair,C6
201505,2025-09-01,13912,painkillers&stomachtablets,C6
201505,2025-09-01,119840,perfume,C6
201506,2025-09-02,24639,gift_sets,C1
201506,2025-09-02,57773,nail&hair,C1
201506,2025-09-02,22747,painkillers&stomachtablets,C1
201506,2025-09-02,19019,gift_sets,C2
201506,2025-09-02,44597,nail&hair,C2
201506,2025-09-02,17559,painkillers&stomachtablets,C2
201506,2025-09-02,145835,perfume,C2
201506,2025-09-02,21613,gift_sets,C3
201506,2025-09-02,50678,nail&hair,C3
201506,2025-09-02,19953,painkillers&stomachtablets,C3
201506,2025-09-02,165722,perfume,C3
201506,2025-09-02,25936,gift_sets,C4
201506,2025-09-02,198866,perfume,C4
201506,2025-09-02,24639,gift_sets,C5
201506,2025-09-02,57773,nail&hair,C5
201506,2025-09-02,22747,painkillers&stomachtablets,C5
201506,2025-09-02,188923,perfume,C5
201506,2025-09-02,15562,gift_sets,C6
201506,2025-09-02,36488,nail&hair,C6
201506,2025-09-02,14366,painkillers&stomachtablets,C6
201506,2025-09-02,119320,perfume,C6
201507,2025-09-03,29805,gift_sets,C1
201507,2025-09-03,62641,nail&hair,C1
201507,2025-09-03,25302,painkillers&stomachtablets,C1
201507,2025-09-03,23008,gift_sets,C2
201507,2025-09-03,48354,nail&hair,C2
201507,2025-09-03,19531,painkillers&stomachtablets,C2
201507,2025-09-03,147742,perfume,C2
201507,2025-09-03,26145,gift_sets,C3
201507,2025-09-03,54948,nail&hair,C3
201507,2025-09-03,22194,painkillers&stomachtablets,C3
201507,2025-09-03,167888,perfume,C3
201507,2025-09-03,31374,gift_sets,C4
201507,2025-09-03,201466,perfume,C4
201507,2025-09-03,29805,gift_sets,C5
201507,2025-09-03,62641,nail&hair,C5
201507,2025-09-03,25302,painkillers&stomachtablets,C5
201507,2025-09-03,191393,perfume,C5
201507,2025-09-03,18824,gift_sets,C6
201507,2025-09-03,39563,nail&hair,C6
201507,2025-09-03,15980,painkillers&stomachtablets,C6
201507,2025-09-03,120880,perfume,C6
201508,2025-09-04,37025,gift_sets,C1
201508,2025-09-04,58071,nail&hair,C1
201508,2025-09-04,25055,painkillers&stomachtablets,C1
201508,2025-09-04,28580,gift_sets,C2
201508,2025-09-04,44827,nail&hair,C2
201508,2025-09-04,19341,painkillers&stomachtablets,C2
201508,2025-09-04,148377,perfume,C2
201508,2025-09-04,32478,gift_sets,C3
201508,2025-09-04,50940,nail&hair,C3
201508,2025-09-04,21978,painkillers&stomachtablets,C3
201508,2025-09-04,168610,perfume,C3
201508,2025-09-04,38973,gift_sets,C4
201508,2025-09-04,202332,perfume,C4
201508,2025-09-04,37025,gift_sets,C5
201508,2025-09-04,58071,nail&hair,C5
201508,2025-09-04,25055,painkillers&stomachtablets,C5
201508,2025-09-04,192216,perfume,C5
201508,2025-09-04,23384,gift_sets,C6
201508,2025-09-04,36676,nail&hair,C6
201508,2025-09-04,15825,painkillers&stomachtablets,C6
201508,2025-09-04,121399,perfume,C6
201509,2025-09-05,31759,gift_sets,C1
201509,2025-09-05,59461,nail&hair,C1
201509,2025-09-05,24204,painkillers&stomachtablets,C1
201509,2025-09-05,24516,gift_sets,C2
201509,2025-09-05,45900,nail&hair,C2
201509,2025-09-05,18683,painkillers&stomachtablets,C2
201509,2025-09-05,150760,perfume,C2
201509,2025-09-05,27859,gift_sets,C3
201509,2025-09-05,52160,nail&hair,C3
201509,2025-09-05,21231,painkillers&stomachtablets,C3
201509,2025-09-05,171319,perfume,C3
201509,2025-09-05,33431,gift_sets,C4
201509,2025-09-05,205582,perfume,C4
201509,2025-09-05,31759,gift_sets,C5
201509,2025-09-05,59461,nail&hair,C5
201509,2025-09-05,24204,painkillers&stomachtablets,C5
201509,2025-09-05,195303,perfume,C5
201509,2025-09-05,20059,gift_sets,C6
201509,2025-09-05,37555,nail&hair,C6
201509,2025-09-05,15287,painkillers&stomachtablets,C6
201509,2025-09-05,123349,perfume,C6
201510,2025-09-06,30501,gift_sets,C1
201510,2025-09-06,61101,nail&hair,C1
201510,2025-09-06,22765,painkillers&stomachtablets,C1
201510,2025-09-06,23545,gift_sets,C2
201510,2025-09-06,47166,nail&hair,C2
201510,2025-09-06,17574,painkillers&stomachtablets,C2
201510,2025-09-06,160292,perfume,C2
201510,2025-09-06,26755,gift_sets,C3
201510,2025-09-06,53597,nail&hair,C3
201510,2025-09-06,19970,painkillers&stomachtablets,C3
201510,2025-09-06,182150,perfume,C3
201510,2025-09-06,32106,gift_sets,C4
201510,2025-09-06,218580,perfume,C4
201510,2025-09-06,30501,gift_sets,C5
201510,2025-09-06,61101,nail&hair,C5
201510,2025-09-06,22765,painkillers&stomachtablets,C5
201510,2025-09-06,207651,perfume,C5
201510,2025-09-06,19263,gift_sets,C6
201510,2025-09-06,38590,nail&hair,C6
201510,2025-09-06,14378,painkillers&stomachtablets,C6
201510,2025-09-06,131147,perfume,C6
201511,2025-09-07,31826,gift_sets,C1
201511,2025-09-07,69893,nail&hair,C1
201511,2025-09-07,23277,painkillers&stomachtablets,C1
201511,2025-09-07,24567,gift_sets,C2
201511,2025-09-07,53952,nail&hair,C2
201511,2025-09-07,17968,painkillers&stomachtablets,C2
201511,2025-09-07,160292,perfume,C2
201511,2025-09-07,27917,gift_sets,C3
201511,2025-09-07,61310,nail&hair,C3
201511,2025-09-07,20418,painkillers&stomachtablets,C3
201511,2025-09-07,182150,perfume,C3
201511,2025-09-07,33500,gift_sets,C4
201511,2025-09-07,218580,perfume,C4
201511,2025-09-07,31826,gift_sets,C5
201511,2025-09-07,69893,nail&hair,C5
201511,2025-09-07,23277,painkillers&stomachtablets,C5
201511,2025-09-07,207651,perfume,C5
201511,2025-09-07,20100,gift_sets,C6
201511,2025-09-07,44144,nail&hair,C6
201511,2025-09-07,14701,painkillers&stomachtablets,C6
201511,2025-09-07,131147,perfume,C6
201512,2025-09-08,53914,gift_sets,C1
201512,2025-09-08,80027,nail&hair,C1
201512,2025-09-08,35577,painkillers&stomachtablets,C1
201512,2025-09-08,41618,gift_sets,C2
201512,2025-09-08,61775,nail&hair,C2
201512,2025-09-08,27463,painkillers&stomachtablets,C2
201512,2025-09-08,172842,perfume,C2
201512,2025-09-08,47293,gift_sets,C3
201512,2025-09-08,70200,nail&hair,C3
201512,2025-09-08,31208,painkillers&stomachtablets,C3
201512,2025-09-08,196411,perfume,C3
201512,2025-09-08,56752,gift_sets,C4
201512,2025-09-08,235693,perfume,C4
201512,2025-09-08,53914,gift_sets,C5
201512,2025-09-08,80027,nail&hair,C5
201512,2025-09-08,35577,painkillers&stomachtablets,C5
201512,2025-09-08,223909,perfume,C5
201512,2025-09-08,34052,gift_sets,C6
201512,2025-09-08,50544,nail&hair,C6
201512,2025-09-08,22470,painkillers&stomachtablets,C6
201512,2025-09-08,141416,perfume,C6
201601,2025-09-09,28149,gift_sets,C1
201601,2025-09-09,68800,nail&hair,C1
201601,2025-09-09,18223,painkillers&stomachtablets,C1
201601,2025-09-09,21729,gift_sets,C2
201601,2025-09-09,53109,nail&hair,C2
201601,2025-09-09,14068,painkillers&stomachtablets,C2
201601,2025-09-09,136780,perfume,C2
201601,2025-09-09,24693,gift_sets,C3
201601,2025-09-09,60352,nail&hair,C3
201601,2025-09-09,15986,painkillers&stomachtablets,C3
201601,2025-09-09,155432,perfume,C3
201601,2025-09-09,29631,gift_sets,C4
201601,2025-09-09,186518,perfume,C4
201601,2025-09-09,28149,gift_sets,C5
201601,2025-09-09,68800,nail&hair,C5
201601,2025-09-09,18223,painkillers&stomachtablets,C5
201601,2025-09-09,177193,perfume,C5
201601,2025-09-09,17779,gift_sets,C6
201601,2025-09-09,43453,nail&hair,C6
201601,2025-09-09,11510,painkillers&stomachtablets,C6
201601,2025-09-09,111911,perfume,C6
201602,2025-09-10,23413,gift_sets,C1
201602,2025-09-10,55140,nail&hair,C1
201602,2025-09-10,16464,painkillers&stomachtablets,C1
201602,2025-09-10,18074,gift_sets,C2
201602,2025-09-10,42564,nail&hair,C2
201602,2025-09-10,12709,painkillers&stomachtablets,C2
201602,2025-09-10,135668,perfume,C2
201602,2025-09-10,20538,gift_sets,C3
201602,2025-09-10,48368,nail&hair,C3
201602,2025-09-10,14442,painkillers&stomachtablets,C3
201602,2025-09-10,154168,perfume,C3
201602,2025-09-10,24646,gift_sets,C4
201602,2025-09-10,185002,perfume,C4
201602,2025-09-10,23413,gift_sets,C5
201602,2025-09-10,55140,nail&hair,C5
201602,2025-09-10,16464,painkillers&stomachtablets,C5
201602,2025-09-10,175752,perfume,C5
201602,2025-09-10,14787,gift_sets,C6
201602,2025-09-10,34825,nail&hair,C6
201602,2025-09-10,10398,painkillers&stomachtablets,C6
201602,2025-09-10,111001,perfume,C6
201603,2025-09-11,26560,gift_sets,C1
201603,2025-09-11,59710,nail&hair,C1
201603,2025-09-11,20722,painkillers&stomachtablets,C1
201603,2025-09-11,20503,gift_sets,C2
201603,2025-09-11,46092,nail&hair,C2
201603,2025-09-11,15996,painkillers&stomachtablets,C2
201603,2025-09-11,155685,perfume,C2
201603,2025-09-11,23298,gift_sets,C3
201603,2025-09-11,52377,nail&hair,C3
201603,2025-09-11,18177,painkillers&stomachtablets,C3
201603,2025-09-11,176915,perfume,C3
201603,2025-09-11,27958,gift_sets,C4
201603,2025-09-11,212297,perfume,C4
201603,2025-09-11,26560,gift_sets,C5
201603,2025-09-11,59710,nail&hair,C5
201603,2025-09-11,20722,painkillers&stomachtablets,C5
201603,2025-09-11,201683,perfume,C5
201603,2025-09-11,16774,gift_sets,C6
201603,2025-09-11,37712,nail&hair,C6
201603,2025-09-11,13087,painkillers&stomachtablets,C6
201603,2025-09-11,127378,perfume,C6
201604,2025-09-12,23149,gift_sets,C1
201604,2025-09-12,56481,nail&hair,C1
201604,2025-09-12,20703,painkillers&stomachtablets,C1
201604,2025-09-12,17869,gift_sets,C2
201604,2025-09-12,43599,nail&hair,C2
201604,2025-09-12,15981,painkillers&stomachtablets,C2
201604,2025-09-12,139004,perfume,C2
201604,2025-09-12,20306,gift_sets,C3
201604,2025-09-12,49545,nail&hair,C3
201604,2025-09-12,18160,painkillers&stomachtablets,C3
201604,2025-09-12,157960,perfume,C3
201604,2025-09-12,24367,gift_sets,C4
201604,2025-09-12,189551,perfume,C4
201604,2025-09-12,23149,gift_sets,C5
201604,2025-09-12,56481,nail&hair,C5
201604,2025-09-12,20703,painkillers&stomachtablets,C5
201604,2025-09-12,180073,perfume,C5
201604,2025-09-12,14620,gift_sets,C6
201604,2025-09-12,35673,nail&hair,C6
201604,2025-09-12,13076,painkillers&stomachtablets,C6
201604,2025-09-12,113731,perfume,C6
201605,2025-09-13,22917,gift_sets,C1
201605,2025-09-13,52408,nail&hair,C1
201605,2025-09-13,21384,painkillers&stomachtablets,C1
201605,2025-09-13,17691,gift_sets,C2
201605,2025-09-13,40455,nail&hair,C2
201605,2025-09-13,16507,painkillers&stomachtablets,C2
201605,2025-09-13,141229,perfume,C2
201605,2025-09-13,20103,gift_sets,C3
201605,2025-09-13,45972,nail&hair,C3
201605,2025-09-13,18758,painkillers&stomachtablets,C3
201605,2025-09-13,160487,perfume,C3
201605,2025-09-13,24123,gift_sets,C4
201605,2025-09-13,192584,perfume,C4
201605,2025-09-13,22917,gift_sets,C5
201605,2025-09-13,52408,nail&hair,C5
201605,2025-09-13,21384,painkillers&stomachtablets,C5
201605,2025-09-13,182955,perfume,C5
201605,2025-09-13,14474,gift_sets,C6
201605,2025-09-13,33100,nail&hair,C6
201605,2025-09-13,13506,painkillers&stomachtablets,C6
201605,2025-09-13,115550,perfume,C6
201606,2025-09-14,22917,gift_sets,C1
201606,2025-09-14,56928,nail&hair,C1
201606,2025-09-14,21309,painkillers&stomachtablets,C1
201606,2025-09-14,17691,gift_sets,C2
201606,2025-09-14,43944,nail&hair,C2
201606,2025-09-14,16449,painkillers&stomachtablets,C2
201606,2025-09-14,137257,perfume,C2
201606,2025-09-14,20103,gift_sets,C3
201606,2025-09-14,49937,nail&hair,C3
201606,2025-09-14,18692,painkillers&stomachtablets,C3
201606,2025-09-14,155974,perfume,C3
201606,2025-09-14,24123,gift_sets,C4
201606,2025-09-14,187168,perfume,C4
201606,2025-09-14,22917,gift_sets,C5
201606,2025-09-14,56928,nail&hair,C5
201606,2025-09-14,21309,painkillers&stomachtablets,C5
201606,2025-09-14,177810,perfume,C5
201606,2025-09-14,14474,gift_sets,C6
201606,2025-09-14,35955,nail&hair,C6
201606,2025-09-14,13458,painkillers&stomachtablets,C6
201606,2025-09-14,112301,perfume,C6
201607,2025-09-15,28779,gift_sets,C1
201607,2025-09-15,61647,nail&hair,C1
201607,2025-09-15,23333,painkillers&stomachtablets,C1
201607,2025-09-15,22215,gift_sets,C2
201607,2025-09-15,47587,nail&hair,C2
201607,2025-09-15,18012,painkillers&stomachtablets,C2
201607,2025-09-15,138051,perfume,C2
201607,2025-09-15,25244,gift_sets,C3
201607,2025-09-15,54077,nail&hair,C3
201607,2025-09-15,20468,painkillers&stomachtablets,C3
201607,2025-09-15,156877,perfume,C3
201607,2025-09-15,30293,gift_sets,C4
201607,2025-09-15,188251,perfume,C4
201607,2025-09-15,28779,gift_sets,C5
201607,2025-09-15,61647,nail&hair,C5
201607,2025-09-15,23333,painkillers&stomachtablets,C5
201607,2025-09-15,178839,perfume,C5
201607,2025-09-15,18176,gift_sets,C6
201607,2025-09-15,38935,nail&hair,C6
201607,2025-09-15,14737,painkillers&stomachtablets,C6
201607,2025-09-15,112951,perfume,C6
201608,2025-09-16,35336,gift_sets,C1
201608,2025-09-16,55140,nail&hair,C1
201608,2025-09-16,27137,painkillers&stomachtablets,C1
201608,2025-09-16,27277,gift_sets,C2
201608,2025-09-16,42564,nail&hair,C2
201608,2025-09-16,20948,painkillers&stomachtablets,C2
201608,2025-09-16,142499,perfume,C2
201608,2025-09-16,30996,gift_sets,C3
201608,2025-09-16,48368,nail&hair,C3
201608,2025-09-16,23804,painkillers&stomachtablets,C3
201608,2025-09-16,161931,perfume,C3
201608,2025-09-16,37196,gift_sets,C4
201608,2025-09-16,194317,perfume,C4
201608,2025-09-16,35336,gift_sets,C5
201608,2025-09-16,55140,nail&hair,C5
201608,2025-09-16,27137,painkillers&stomachtablets,C5
201608,2025-09-16,184601,perfume,C5
201608,2025-09-16,22317,gift_sets,C6
201608,2025-09-16,34825,nail&hair,C6
201608,2025-09-16,17140,painkillers&stomachtablets,C6
201608,2025-09-16,116590,perfume,C6
201609,2025-09-17,30600,gift_sets,C1
201609,2025-09-17,64728,nail&hair,C1
201609,2025-09-17,23504,painkillers&stomachtablets,C1
201609,2025-09-17,23621,gift_sets,C2
201609,2025-09-17,49965,nail&hair,C2
201609,2025-09-17,18143,painkillers&stomachtablets,C2
201609,2025-09-17,140593,perfume,C2
201609,2025-09-17,26842,gift_sets,C3
201609,2025-09-17,56779,nail&hair,C3
201609,2025-09-17,20617,painkillers&stomachtablets,C3
201609,2025-09-17,159765,perfume,C3
201609,2025-09-17,32211,gift_sets,C4
201609,2025-09-17,191718,perfume,C4
201609,2025-09-17,30600,gift_sets,C5
201609,2025-09-17,64728,nail&hair,C5
201609,2025-09-17,23504,painkillers&stomachtablets,C5
201609,2025-09-17,182132,perfume,C5
201609,2025-09-17,19327,gift_sets,C6
201609,2025-09-17,40880,nail&hair,C6
201609,2025-09-17,14845,painkillers&stomachtablets,C6
201609,2025-09-17,115031,perfume,C6
201610,2025-09-18,29805,gift_sets,C1
201610,2025-09-18,67757,nail&hair,C1
201610,2025-09-18,22690,painkillers&stomachtablets,C1
201610,2025-09-18,23008,gift_sets,C2
201610,2025-09-18,52304,nail&hair,C2
201610,2025-09-18,17515,painkillers&stomachtablets,C2
201610,2025-09-18,150919,perfume,C2
201610,2025-09-18,26145,gift_sets,C3
201610,2025-09-18,59436,nail&hair,C3
201610,2025-09-18,19903,painkillers&stomachtablets,C3
201610,2025-09-18,171499,perfume,C3
201610,2025-09-18,31374,gift_sets,C4
201610,2025-09-18,205799,perfume,C4
201610,2025-09-18,29805,gift_sets,C5
201610,2025-09-18,67757,nail&hair,C5
201610,2025-09-18,22690,painkillers&stomachtablets,C5
201610,2025-09-18,195509,perfume,C5
201610,2025-09-18,18824,gift_sets,C6
201610,2025-09-18,42794,nail&hair,C6
201610,2025-09-18,14331,painkillers&stomachtablets,C6
201610,2025-09-18,123479,perfume,C6
201611,2025-09-19,31627,gift_sets,C1
201611,2025-09-19,76401,nail&hair,C1
201611,2025-09-19,23031,painkillers&stomachtablets,C1
201611,2025-09-19,24414,gift_sets,C2
201611,2025-09-19,58976,nail&hair,C2
201611,2025-09-19,17778,painkillers&stomachtablets,C2
201611,2025-09-19,153778,perfume,C2
201611,2025-09-19,27743,gift_sets,C3
201611,2025-09-19,67018,nail&hair,C3
201611,2025-09-19,20202,painkillers&stomachtablets,C3
201611,2025-09-19,174748,perfume,C3
201611,2025-09-19,33291,gift_sets,C4
201611,2025-09-19,209698,perfume,C4
201611,2025-09-19,31627,gift_sets,C5
201611,2025-09-19,76401,nail&hair,C5
201611,2025-09-19,23031,painkillers&stomachtablets,C5
201611,2025-09-19,199213,perfume,C5
201611,2025-09-19,19975,gift_sets,C6
201611,2025-09-19,48253,nail&hair,C6
201611,2025-09-19,14546,painkillers&stomachtablets,C6
201611,2025-09-19,125819,perfume,C6
201612,2025-09-20,52458,gift_sets,C1
201612,2025-09-20,88323,nail&hair,C1
201612,2025-09-20,35521,painkillers&stomachtablets,C1
201612,2025-09-20,40493,gift_sets,C2
201612,2025-09-20,68180,nail&hair,C2
201612,2025-09-20,27419,painkillers&stomachtablets,C2
201612,2025-09-20,167441,perfume,C2
201612,2025-09-20,46015,gift_sets,C3
201612,2025-09-20,77476,nail&hair,C3
201612,2025-09-20,31158,painkillers&stomachtablets,C3
201612,2025-09-20,190273,perfume,C3
201612,2025-09-20,55218,gift_sets,C4
201612,2025-09-20,228328,perfume,C4
201612,2025-09-20,52458,gift_sets,C5
201612,2025-09-20,88323,nail&hair,C5
201612,2025-09-20,35521,painkillers&stomachtablets,C5
201612,2025-09-20,216911,perfume,C5
201612,2025-09-20,33131,gift_sets,C6
201612,2025-09-20,55783,nail&hair,C6
201612,2025-09-20,22434,painkillers&stomachtablets,C6
201612,2025-09-20,136996,perfume,C6
201701,2025-09-21,26427,gift_sets,C1
201701,2025-09-21,71135,nail&hair,C1
201701,2025-09-21,18129,painkillers&stomachtablets,C1
201701,2025-09-21,20400,gift_sets,C2
201701,2025-09-21,54911,nail&hair,C2
201701,2025-09-21,13995,painkillers&stomachtablets,C2
201701,2025-09-21,133762,perfume,C2
201701,2025-09-21,23182,gift_sets,C3
201701,2025-09-21,62399,nail&hair,C3
201701,2025-09-21,15903,painkillers&stomachtablets,C3
201701,2025-09-21,152002,perfume,C3
201701,2025-09-21,27818,gift_sets,C4
201701,2025-09-21,182402,perfume,C4
201701,2025-09-21,26427,gift_sets,C5
201701,2025-09-21,71135,nail&hair,C5
201701,2025-09-21,18129,painkillers&stomachtablets,C5
201701,2025-09-21,173282,perfume,C5
201701,2025-09-21,16691,gift_sets,C6
201701,2025-09-21,44928,nail&hair,C6
201701,2025-09-21,11450,painkillers&stomachtablets,C6
201701,2025-09-21,109441,perfume,C6
201702,2025-09-22,22486,gift_sets,C1
201702,2025-09-22,57971,nail&hair,C1
201702,2025-09-22,17732,painkillers&stomachtablets,C1
201702,2025-09-22,17358,gift_sets,C2
201702,2025-09-22,44749,nail&hair,C2
201702,2025-09-22,13688,painkillers&stomachtablets,C2
201702,2025-09-22,135668,perfume,C2
201702,2025-09-22,19725,gift_sets,C3
201702,2025-09-22,50852,nail&hair,C3
201702,2025-09-22,15554,painkillers&stomachtablets,C3
201702,2025-09-22,154168,perfume,C3
201702,2025-09-22,23670,gift_sets,C4
201702,2025-09-22,185002,perfume,C4
201702,2025-09-22,22486,gift_sets,C5
201702,2025-09-22,57971,nail&hair,C5
201702,2025-09-22,17732,painkillers&stomachtablets,C5
201702,2025-09-22,175752,perfume,C5
201702,2025-09-22,14202,gift_sets,C6
201702,2025-09-22,36614,nail&hair,C6
201702,2025-09-22,11199,painkillers&stomachtablets,C6
201702,2025-09-22,111001,perfume,C6
201703,2025-09-23,22288,gift_sets,C1
201703,2025-09-23,61846,nail&hair,C1
201703,2025-09-23,20040,painkillers&stomachtablets,C1
201703,2025-09-23,17204,gift_sets,C2
201703,2025-09-23,47741,nail&hair,C2
201703,2025-09-23,15470,painkillers&stomachtablets,C2
201703,2025-09-23,148218,perfume,C2
201703,2025-09-23,19551,gift_sets,C3
201703,2025-09-23,54251,nail&hair,C3
201703,2025-09-23,17579,painkillers&stomachtablets,C3
201703,2025-09-23,168430,perfume,C3
201703,2025-09-23,23461,gift_sets,C4
201703,2025-09-23,202116,perfume,C4
201703,2025-09-23,22288,gift_sets,C5
201703,2025-09-23,61846,nail&hair,C5
201703,2025-09-23,20040,painkillers&stomachtablets,C5
201703,2025-09-23,192010,perfume,C5
201703,2025-09-23,14077,gift_sets,C6
201703,2025-09-23,39061,nail&hair,C6
201703,2025-09-23,12658,painkillers&stomachtablets,C6
201703,2025-09-23,121270,perfume,C6
201704,2025-09-24,23711,gift_sets,C1
201704,2025-09-24,62293,nail&hair,C1
201704,2025-09-24,20249,painkillers&stomachtablets,C1
201704,2025-09-24,18304,gift_sets,C2
201704,2025-09-24,48086,nail&hair,C2
201704,2025-09-24,15631,painkillers&stomachtablets,C2
201704,2025-09-24,145677,perfume,C2
201704,2025-09-24,20800,gift_sets,C3
201704,2025-09-24,54643,nail&hair,C3
201704,2025-09-24,17762,painkillers&stomachtablets,C3
201704,2025-09-24,165542,perfume,C3
201704,2025-09-24,24960,gift_sets,C4
201704,2025-09-24,198650,perfume,C4
201704,2025-09-24,23711,gift_sets,C5
201704,2025-09-24,62293,nail&hair,C5
201704,2025-09-24,20249,painkillers&stomachtablets,C5
201704,2025-09-24,188717,perfume,C5
201704,2025-09-24,14976,gift_sets,C6
201704,2025-09-24,39343,nail&hair,C6
201704,2025-09-24,12789,painkillers&stomachtablets,C6
201704,2025-09-24,119190,perfume,C6
201705,2025-09-25,23017,gift_sets,C1
201705,2025-09-25,59064,nail&hair,C1
201705,2025-09-25,21062,painkillers&stomachtablets,C1
201705,2025-09-25,17767,gift_sets,C2
201705,2025-09-25,45594,nail&hair,C2
201705,2025-09-25,16259,painkillers&stomachtablets,C2
201705,2025-09-25,143452,perfume,C2
201705,2025-09-25,20190,gift_sets,C3
201705,2025-09-25,51811,nail&hair,C3
201705,2025-09-25,18476,painkillers&stomachtablets,C3
201705,2025-09-25,163014,perfume,C3
201705,2025-09-25,24228,gift_sets,C4
201705,2025-09-25,195617,perfume,C4
201705,2025-09-25,23017,gift_sets,C5
201705,2025-09-25,59064,nail&hair,C5
201705,2025-09-25,21062,painkillers&stomachtablets,C5
201705,2025-09-25,185836,perfume,C5
201705,2025-09-25,14537,gift_sets,C6
201705,2025-09-25,37304,nail&hair,C6
201705,2025-09-25,13302,painkillers&stomachtablets,C6
201705,2025-09-25,117370,perfume,C6
201706,2025-09-26,20831,gift_sets,C1
201706,2025-09-26,54494,nail&hair,C1
201706,2025-09-26,19189,painkillers&stomachtablets,C1
201706,2025-09-26,16080,gift_sets,C2
201706,2025-09-26,42065,nail&hair,C2
201706,2025-09-26,14812,painkillers&stomachtablets,C2
201706,2025-09-26,132332,perfume,C2
201706,2025-09-26,18272,gift_sets,C3
201706,2025-09-26,47802,nail&hair,C3
201706,2025-09-26,16832,painkillers&stomachtablets,C3
201706,2025-09-26,150378,perfume,C3
201706,2025-09-26,21927,gift_sets,C4
201706,2025-09-26,180453,perfume,C4
201706,2025-09-26,20831,gift_sets,C5
201706,2025-09-26,54494,nail&hair,C5
201706,2025-09-26,19189,painkillers&stomachtablets,C5
201706,2025-09-26,171430,perfume,C5
201706,2025-09-26,13156,gift_sets,C6
201706,2025-09-26,34418,nail&hair,C6
201706,2025-09-26,12120,painkillers&stomachtablets,C6
201706,2025-09-26,108272,perfume,C6
201707,2025-09-27,26262,gift_sets,C1
201707,2025-09-27,60455,nail&hair,C1
201707,2025-09-27,21838,painkillers&stomachtablets,C1
201707,2025-09-27,20272,gift_sets,C2
201707,2025-09-27,46667,nail&hair,C2
201707,2025-09-27,16857,painkillers&stomachtablets,C2
201707,2025-09-27,139799,perfume,C2
201707,2025-09-27,23037,gift_sets,C3
201707,2025-09-27,53031,nail&hair,C3
201707,2025-09-27,19156,painkillers&stomachtablets,C3
201707,2025-09-27,158862,perfume,C3
201707,2025-09-27,27644,gift_sets,C4
201707,2025-09-27,190634,perfume,C4
201707,2025-09-27,26262,gift_sets,C5
201707,2025-09-27,60455,nail&hair,C5
201707,2025-09-27,21838,painkillers&stomachtablets,C5
201707,2025-09-27,181103,perfume,C5
201707,2025-09-27,16587,gift_sets,C6
201707,2025-09-27,38182,nail&hair,C6
201707,2025-09-27,13793,painkillers&stomachtablets,C6
201707,2025-09-27,114381,perfume,C6
201708,2025-09-28,32719,gift_sets,C1
201708,2025-09-28,52656,nail&hair,C1
201708,2025-09-28,26285,painkillers&stomachtablets,C1
201708,2025-09-28,25257,gift_sets,C2
201708,2025-09-28,40647,nail&hair,C2
201708,2025-09-28,20290,painkillers&stomachtablets,C2
201708,2025-09-28,141864,perfume,C2
201708,2025-09-28,28701,gift_sets,C3
201708,2025-09-28,46190,nail&hair,C3
201708,2025-09-28,23057,painkillers&stomachtablets,C3
201708,2025-09-28,161209,perfume,C3
201708,2025-09-28,34442,gift_sets,C4
201708,2025-09-28,193451,perfume,C4
201708,2025-09-28,32719,gift_sets,C5
201708,2025-09-28,52656,nail&hair,C5
201708,2025-09-28,26285,painkillers&stomachtablets,C5
201708,2025-09-28,183778,perfume,C5
201708,2025-09-28,20665,gift_sets,C6
201708,2025-09-28,33256,nail&hair,C6
201708,2025-09-28,16602,painkillers&stomachtablets,C6
201708,2025-09-28,116071,perfume,C6
201709,2025-09-29,31263,gift_sets,C1
201709,2025-09-29,71383,nail&hair,C1
201709,2025-09-29,23541,painkillers&stomachtablets,C1
201709,2025-09-29,24132,gift_sets,C2
201709,2025-09-29,55103,nail&hair,C2
201709,2025-09-29,18172,painkillers&stomachtablets,C2
201709,2025-09-29,142340,perfume,C2
201709,2025-09-29,27423,gift_sets,C3
201709,2025-09-29,62618,nail&hair,C3
201709,2025-09-29,20650,painkillers&stomachtablets,C3
201709,2025-09-29,161750,perfume,C3
201709,2025-09-29,32908,gift_sets,C4
201709,2025-09-29,194100,perfume,C4
201709,2025-09-29,31263,gift_sets,C5
201709,2025-09-29,71383,nail&hair,C5
201709,2025-09-29,23541,painkillers&stomachtablets,C5
201709,2025-09-29,184395,perfume,C5
201709,2025-09-29,19745,gift_sets,C6
201709,2025-09-29,45085,nail&hair,C6
201709,2025-09-29,14869,painkillers&stomachtablets,C6
201709,2025-09-29,116461,perfume,C6
201710,2025-09-30,28779,gift_sets,C1
201710,2025-09-30,74663,nail&hair,C1
201710,2025-09-30,23485,painkillers&stomachtablets,C1
201710,2025-09-30,22215,gift_sets,C2
201710,2025-09-30,57634,nail&hair,C2
201710,2025-09-30,18129,painkillers&stomachtablets,C2
201710,2025-09-30,151237,perfume,C2
201710,2025-09-30,25244,gift_sets,C3
201710,2025-09-30,65494,nail&hair,C3
201710,2025-09-30,20601,painkillers&stomachtablets,C3
201710,2025-09-30,171860,perfume,C3
201710,2025-09-30,30293,gift_sets,C4
201710,2025-09-30,206232,perfume,C4
201710,2025-09-30,28779,gift_sets,C5
201710,2025-09-30,74663,nail&hair,C5
201710,2025-09-30,23485,painkillers&stomachtablets,C5
201710,2025-09-30,195920,perfume,C5
201710,2025-09-30,18176,gift_sets,C6
201710,2025-09-30,47155,nail&hair,C6
201710,2025-09-30,14832,painkillers&stomachtablets,C6
201710,2025-09-30,123739,perfume,C6
201711,2025-10-01,30600,gift_sets,C1
201711,2025-10-01,77494,nail&hair,C1
201711,2025-10-01,22936,painkillers&stomachtablets,C1
201711,2025-10-01,23621,gift_sets,C2
201711,2025-10-01,59820,nail&hair,C2
201711,2025-10-01,17705,painkillers&stomachtablets,C2
201711,2025-10-01,150760,perfume,C2
201711,2025-10-01,26842,gift_sets,C3
201711,2025-10-01,67977,nail&hair,C3
201711,2025-10-01,20119,painkillers&stomachtablets,C3
201711,2025-10-01,171319,perfume,C3
201711,2025-10-01,32211,gift_sets,C4
201711,2025-10-01,205582,perfume,C4
201711,2025-10-01,30600,gift_sets,C5
201711,2025-10-01,77494,nail&hair,C5
201711,2025-10-01,22936,painkillers&stomachtablets,C5
201711,2025-10-01,195303,perfume,C5
201711,2025-10-01,19327,gift_sets,C6
201711,2025-10-01,48943,nail&hair,C6
201711,2025-10-01,14486,painkillers&stomachtablets,C6
201711,2025-10-01,123349,perfume,C6
201712,2025-10-02,51960,gift_sets,C1
201712,2025-10-02,90807,nail&hair,C1
201712,2025-10-02,37224,painkillers&stomachtablets,C1
201712,2025-10-02,40110,gift_sets,C2
201712,2025-10-02,70097,nail&hair,C2
201712,2025-10-02,28734,painkillers&stomachtablets,C2
201712,2025-10-02,167758,perfume,C2
201712,2025-10-02,45579,gift_sets,C3
201712,2025-10-02,79655,nail&hair,C3
201712,2025-10-02,32652,painkillers&stomachtablets,C3
201712,2025-10-02,190634,perfume,C3
201712,2025-10-02,54695,gift_sets,C4
201712,2025-10-02,228761,perfume,C4
201712,2025-10-02,51960,gift_sets,C5
201712,2025-10-02,90807,nail&hair,C5
201712,2025-10-02,37224,painkillers&stomachtablets,C5
201712,2025-10-02,217323,perfume,C5
201712,2025-10-02,32817,gift_sets,C6
201712,2025-10-02,57351,nail&hair,C6
201712,2025-10-02,23510,painkillers&stomachtablets,C6
201712,2025-10-02,137257,perfume,C6
201801,2025-10-03,25765,gift_sets,C1
201801,2025-10-03,69000,nail&hair,C1
201801,2025-10-03,20343,painkillers&stomachtablets,C1
201801,2025-10-03,19888,gift_sets,C2
201801,2025-10-03,53263,nail&hair,C2
201801,2025-10-03,15704,painkillers&stomachtablets,C2
201801,2025-10-03,125342,perfume,C2
201801,2025-10-03,22601,gift_sets,C3
201801,2025-10-03,60526,nail&hair,C3
201801,2025-10-03,17845,painkillers&stomachtablets,C3
201801,2025-10-03,142435,perfume,C3
201801,2025-10-03,27121,gift_sets,C4
201801,2025-10-03,170921,perfume,C4
201801,2025-10-03,25765,gift_sets,C5
201801,2025-10-03,69000,nail&hair,C5
201801,2025-10-03,20343,painkillers&stomachtablets,C5
201801,2025-10-03,162375,perfume,C5
201801,2025-10-03,16273,gift_sets,C6
201801,2025-10-03,43578,nail&hair,C6
201801,2025-10-03,12848,painkillers&stomachtablets,C6
201801,2025-10-03,102552,perfume,C6
201802,2025-10-04,22321,gift_sets,C1
201802,2025-10-04,61995,nail&hair,C1
201802,2025-10-04,20400,painkillers&stomachtablets,C1
201802,2025-10-04,17230,gift_sets,C2
201802,2025-10-04,47856,nail&hair,C2
201802,2025-10-04,15748,painkillers&stomachtablets,C2
201802,2025-10-04,125660,perfume,C2
201802,2025-10-04,19580,gift_sets,C3
201802,2025-10-04,54382,nail&hair,C3
201802,2025-10-04,17895,painkillers&stomachtablets,C3
201802,2025-10-04,142796,perfume,C3
201802,2025-10-04,23496,gift_sets,C4
201802,2025-10-04,171354,perfume,C4
201802,2025-10-04,22321,gift_sets,C5
201802,2025-10-04,61995,nail&hair,C5
201802,2025-10-04,20400,painkillers&stomachtablets,C5
201802,2025-10-04,162786,perfume,C5
201802,2025-10-04,14098,gift_sets,C6
201802,2025-10-04,39154,nail&hair,C6
201802,2025-10-04,12884,painkillers&stomachtablets,C6
201802,2025-10-04,102813,perfume,C6
201803,2025-10-05,24010,gift_sets,C1
201803,2025-10-05,69148,nail&hair,C1
201803,2025-10-05,24317,painkillers&stomachtablets,C1
201803,2025-10-05,18534,gift_sets,C2
201803,2025-10-05,53377,nail&hair,C2
201803,2025-10-05,18771,painkillers&stomachtablets,C2
201803,2025-10-05,137098,perfume,C2
201803,2025-10-05,21061,gift_sets,C3
201803,2025-10-05,60656,nail&hair,C3
201803,2025-10-05,21331,painkillers&stomachtablets,C3
201803,2025-10-05,155793,perfume,C3
201803,2025-10-05,25274,gift_sets,C4
201803,2025-10-05,186952,perfume,C4
201803,2025-10-05,24010,gift_sets,C5
201803,2025-10-05,69148,nail&hair,C5
201803,2025-10-05,24317,painkillers&stomachtablets,C5
201803,2025-10-05,177604,perfume,C5
201803,2025-10-05,15164,gift_sets,C6
201803,2025-10-05,43673,nail&hair,C6
201803,2025-10-05,15358,painkillers&stomachtablets,C6
201803,2025-10-05,112171,perfume,C6
201804,2025-10-06,22619,gift_sets,C1
201804,2025-10-06,62839,nail&hair,C1
201804,2025-10-06,22387,painkillers&stomachtablets,C1
201804,2025-10-06,17460,gift_sets,C2
201804,2025-10-06,48508,nail&hair,C2
201804,2025-10-06,17281,painkillers&stomachtablets,C2
201804,2025-10-06,128996,perfume,C2
201804,2025-10-06,19841,gift_sets,C3
201804,2025-10-06,55123,nail&hair,C3
201804,2025-10-06,19638,painkillers&stomachtablets,C3
201804,2025-10-06,146586,perfume,C3
201804,2025-10-06,23809,gift_sets,C4
201804,2025-10-06,175904,perfume,C4
201804,2025-10-06,22619,gift_sets,C5
201804,2025-10-06,62839,nail&hair,C5
201804,2025-10-06,22387,painkillers&stomachtablets,C5
201804,2025-10-06,167108,perfume,C5
201804,2025-10-06,14286,gift_sets,C6
201804,2025-10-06,39688,nail&hair,C6
201804,2025-10-06,14139,painkillers&stomachtablets,C6
201804,2025-10-06,105542,perfume,C6
201805,2025-10-07,20566,gift_sets,C1
201805,2025-10-07,57971,nail&hair,C1
201805,2025-10-07,23315,painkillers&stomachtablets,C1
201805,2025-10-07,15875,gift_sets,C2
201805,2025-10-07,44749,nail&hair,C2
201805,2025-10-07,17997,painkillers&stomachtablets,C2
201805,2025-10-07,127566,perfume,C2
201805,2025-10-07,18040,gift_sets,C3
201805,2025-10-07,50852,nail&hair,C3
201805,2025-10-07,20451,painkillers&stomachtablets,C3
201805,2025-10-07,144962,perfume,C3
201805,2025-10-07,21648,gift_sets,C4
201805,2025-10-07,173954,perfume,C4
201805,2025-10-07,20566,gift_sets,C5
201805,2025-10-07,57971,nail&hair,C5
201805,2025-10-07,23315,painkillers&stomachtablets,C5
201805,2025-10-07,165256,perfume,C5
201805,2025-10-07,12989,gift_sets,C6
201805,2025-10-07,36614,nail&hair,C6
201805,2025-10-07,14725,painkillers&stomachtablets,C6
201805,2025-10-07,104373,perfume,C6
201806,2025-10-08,21328,gift_sets,C1
201806,2025-10-08,63634,nail&hair,C1
201806,2025-10-08,25698,painkillers&stomachtablets,C1
201806,2025-10-08,16463,gift_sets,C2
201806,2025-10-08,49121,nail&hair,C2
201806,2025-10-08,19838,painkillers&stomachtablets,C2
201806,2025-10-08,125501,perfume,C2
201806,2025-10-08,18708,gift_sets,C3
201806,2025-10-08,55820,nail&hair,C3
201806,2025-10-08,22543,painkillers&stomachtablets,C3
201806,2025-10-08,142615,perfume,C3
201806,2025-10-08,22450,gift_sets,C4
201806,2025-10-08,171138,perfume,C4
201806,2025-10-08,21328,gift_sets,C5
201806,2025-10-08,63634,nail&hair,C5
201806,2025-10-08,25698,painkillers&stomachtablets,C5
201806,2025-10-08,162581,perfume,C5
201806,2025-10-08,13470,gift_sets,C6
201806,2025-10-08,40190,nail&hair,C6
201806,2025-10-08,16231,painkillers&stomachtablets,C6
201806,2025-10-08,102683,perfume,C6
201807,2025-10-09,26295,gift_sets,C1
201807,2025-10-09,70440,nail&hair,C1
201807,2025-10-09,24468,painkillers&stomachtablets,C1
201807,2025-10-09,20298,gift_sets,C2
201807,2025-10-09,54375,nail&hair,C2
201807,2025-10-09,18888,painkillers&stomachtablets,C2
201807,2025-10-09,128202,perfume,C2
201807,2025-10-09,23066,gift_sets,C3
201807,2025-10-09,61789,nail&hair,C3
201807,2025-10-09,21464,painkillers&stomachtablets,C3
201807,2025-10-09,145684,perfume,C3
201807,2025-10-09,27679,gift_sets,C4
201807,2025-10-09,174820,perfume,C4
201807,2025-10-09,26295,gift_sets,C5
201807,2025-10-09,70440,nail&hair,C5
201807,2025-10-09,24468,painkillers&stomachtablets,C5
201807,2025-10-09,166080,perfume,C5
201807,2025-10-09,16607,gift_sets,C6
201807,2025-10-09,44488,nail&hair,C6
201807,2025-10-09,15454,painkillers&stomachtablets,C6
201807,2025-10-09,104892,perfume,C6
201808,2025-10-10,31726,gift_sets,C1
201808,2025-10-10,59710,nail&hair,C1
201808,2025-10-10,24677,painkillers&stomachtablets,C1
201808,2025-10-10,24490,gift_sets,C2
201808,2025-10-10,46092,nail&hair,C2
201808,2025-10-10,19049,painkillers&stomachtablets,C2
201808,2025-10-10,128042,perfume,C2
201808,2025-10-10,27830,gift_sets,C3
201808,2025-10-10,52377,nail&hair,C3
201808,2025-10-10,21646,painkillers&stomachtablets,C3
201808,2025-10-10,145503,perfume,C3
201808,2025-10-10,33396,gift_sets,C4
201808,2025-10-10,174604,perfume,C4
201808,2025-10-10,31726,gift_sets,C5
201808,2025-10-10,59710,nail&hair,C5
201808,2025-10-10,24677,painkillers&stomachtablets,C5
201808,2025-10-10,165874,perfume,C5
201808,2025-10-10,20038,gift_sets,C6
201808,2025-10-10,37712,nail&hair,C6
201808,2025-10-10,15586,painkillers&stomachtablets,C6
201808,2025-10-10,104763,perfume,C6
201809,2025-10-11,31461,gift_sets,C1
201809,2025-10-11,72228,nail&hair,C1
201809,2025-10-11,22349,painkillers&stomachtablets,C1
201809,2025-10-11,24286,gift_sets,C2
201809,2025-10-11,55755,nail&hair,C2
201809,2025-10-11,17252,painkillers&stomachtablets,C2
201809,2025-10-11,132014,perfume,C2
201809,2025-10-11,27598,gift_sets,C3
201809,2025-10-11,63358,nail&hair,C3
201809,2025-10-11,19605,painkillers&stomachtablets,C3
201809,2025-10-11,150017,perfume,C3
201809,2025-10-11,33117,gift_sets,C4
201809,2025-10-11,180020,perfume,C4
201809,2025-10-11,31461,gift_sets,C5
201809,2025-10-11,72228,nail&hair,C5
201809,2025-10-11,22349,painkillers&stomachtablets,C5
201809,2025-10-11,171018,perfume,C5
201809,2025-10-11,19870,gift_sets,C6
201809,2025-10-11,45618,nail&hair,C6
201809,2025-10-11,14115,painkillers&stomachtablets,C6
201809,2025-10-11,108012,perfume,C6
201810,2025-10-12,27818,gift_sets,C1
201810,2025-10-12,74961,nail&hair,C1
201810,2025-10-12,22274,painkillers&stomachtablets,C1
201810,2025-10-12,21474,gift_sets,C2
201810,2025-10-12,57864,nail&hair,C2
201810,2025-10-12,17193,painkillers&stomachtablets,C2
201810,2025-10-12,138686,perfume,C2
201810,2025-10-12,24402,gift_sets,C3
201810,2025-10-12,65755,nail&hair,C3
201810,2025-10-12,19538,painkillers&stomachtablets,C3
201810,2025-10-12,157599,perfume,C3
201810,2025-10-12,29282,gift_sets,C4
201810,2025-10-12,189118,perfume,C4
201810,2025-10-12,27818,gift_sets,C5
201810,2025-10-12,74961,nail&hair,C5
201810,2025-10-12,22274,painkillers&stomachtablets,C5
201810,2025-10-12,179662,perfume,C5
201810,2025-10-12,17569,gift_sets,C6
201810,2025-10-12,47343,nail&hair,C6
201810,2025-10-12,14068,painkillers&stomachtablets,C6
201810,2025-10-12,113471,perfume,C6
201811,2025-10-13,30236,gift_sets,C1
201811,2025-10-13,76401,nail&hair,C1
201811,2025-10-13,21441,painkillers&stomachtablets,C1
201811,2025-10-13,23340,gift_sets,C2
201811,2025-10-13,58976,nail&hair,C2
201811,2025-10-13,16551,painkillers&stomachtablets,C2
201811,2025-10-13,139163,perfume,C2
201811,2025-10-13,26523,gift_sets,C3
201811,2025-10-13,67018,nail&hair,C3
201811,2025-10-13,18808,painkillers&stomachtablets,C3
201811,2025-10-13,158140,perfume,C3
201811,2025-10-13,31827,gift_sets,C4
201811,2025-10-13,189768,perfume,C4
201811,2025-10-13,30236,gift_sets,C5
201811,2025-10-13,76401,nail&hair,C5
201811,2025-10-13,21441,painkillers&stomachtablets,C5
201811,2025-10-13,180279,perfume,C5
201811,2025-10-13,19097,gift_sets,C6
201811,2025-10-13,48253,nail&hair,C6
201811,2025-10-13,13541,painkillers&stomachtablets,C6
201811,2025-10-13,113861,perfume,C6
201812,2025-10-14,49874,gift_sets,C1
201812,2025-10-14,95377,nail&hair,C1
201812,2025-10-14,38321,painkillers&stomachtablets,C1
201812,2025-10-14,38500,gift_sets,C2
201812,2025-10-14,73624,nail&hair,C2
201812,2025-10-14,29581,painkillers&stomachtablets,C2
201812,2025-10-14,153938,perfume,C2
201812,2025-10-14,43749,gift_sets,C3
201812,2025-10-14,83664,nail&hair,C3
201812,2025-10-14,33615,painkillers&stomachtablets,C3
201812,2025-10-14,174929,perfume,C3
201812,2025-10-14,52499,gift_sets,C4
201812,2025-10-14,209914,perfume,C4
201812,2025-10-14,49874,gift_sets,C5
201812,2025-10-14,95377,nail&hair,C5
201812,2025-10-14,38321,painkillers&stomachtablets,C5
201812,2025-10-14,199419,perfume,C5
201812,2025-10-14,31499,gift_sets,C6
201812,2025-10-14,60238,nail&hair,C6
201812,2025-10-14,24203,painkillers&stomachtablets,C6
201812,2025-10-15,125948,perfume,C6
201901,2025-10-15,23778,gift_sets,C1
201901,2025-10-15,64280,nail&hair,C1
201901,2025-10-15,19019,painkillers&stomachtablets,C1
201901,2025-10-15,18355,gift_sets,C2
201901,2025-10-15,49620,nail&hair,C2
201901,2025-10-15,14681,painkillers&stomachtablets,C2
201901,2025-10-15,121847,perfume,C2
201901,2025-10-15,20858,gift_sets,C3
201901,2025-10-15,56386,nail&hair,C3
201901,2025-10-15,16683,painkillers&stomachtablets,C3
201901,2025-10-15,138463,perfume,C3
201901,2025-10-15,25029,gift_sets,C4
201901,2025-10-15,166155,perfume,C4
201901,2025-10-15,23778,gift_sets,C5
201901,2025-10-15,64280,nail&hair,C5
201901,2025-10-15,19019,painkillers&stomachtablets,C5
201901,2025-10-15,157848,perfume,C5
201901,2025-10-15,15018,gift_sets,C6
201901,2025-10-15,40598,nail&hair,C6
201901,2025-10-15,12012,painkillers&stomachtablets,C6
201901,2025-10-15,99693,perfume,C6
201902,2025-10-16,22354,gift_sets,C1
201902,2025-10-16,63932,nail&hair,C1
201902,2025-10-16,18659,painkillers&stomachtablets,C1
201902,2025-10-16,17256,gift_sets,C2
201902,2025-10-16,49351,nail&hair,C2
201902,2025-10-16,14404,painkillers&stomachtablets,C2
201902,2025-10-16,127407,perfume,C2
201902,2025-10-16,19609,gift_sets,C3
201902,2025-10-16,56081,nail&hair,C3
201902,2025-10-16,16368,painkillers&stomachtablets,C3
201902,2025-10-16,144781,perfume,C3
201902,2025-10-16,23531,gift_sets,C4
201902,2025-10-16,173737,perfume,C4
201902,2025-10-16,22354,gift_sets,C5
201902,2025-10-16,63932,nail&hair,C5
201902,2025-10-16,18659,painkillers&stomachtablets,C5
201902,2025-10-16,165050,perfume,C5
201902,2025-10-16,14118,gift_sets,C6
201902,2025-10-16,40379,nail&hair,C6
201902,2025-10-16,11784,painkillers&stomachtablets,C6
201902,2025-10-16,104242,perfume,C6
201903,2025-10-17,24440,gift_sets,C1
201903,2025-10-17,65323,nail&hair,C1
201903,2025-10-17,22917,painkillers&stomachtablets,C1
201903,2025-10-17,18866,gift_sets,C2
201903,2025-10-17,50425,nail&hair,C2
201903,2025-10-17,17691,painkillers&stomachtablets,C2
201903,2025-10-17,135986,perfume,C2
201903,2025-10-17,21439,gift_sets,C3
201903,2025-10-17,57302,nail&hair,C3
201903,2025-10-17,20103,painkillers&stomachtablets,C3
201903,2025-10-17,154529,perfume,C3
201903,2025-10-17,25727,gift_sets,C4
201903,2025-10-17,185435,perfume,C4
201903,2025-10-17,24440,gift_sets,C5
201903,2025-10-17,65323,nail&hair,C5
201903,2025-10-17,22917,painkillers&stomachtablets,C5
201903,2025-10-17,176163,perfume,C5
201903,2025-10-17,15436,gift_sets,C6
201903,2025-10-17,41257,nail&hair,C6
201903,2025-10-17,14474,painkillers&stomachtablets,C6
201903,2025-10-17,111262,perfume,C6
201904,2025-10-18,22023,gift_sets,C1
201904,2025-10-18,63386,nail&hair,C1
201904,2025-10-18,21441,painkillers&stomachtablets,C1
201904,2025-10-18,17000,gift_sets,C2
201904,2025-10-18,48929,nail&hair,C2
201904,2025-10-18,16551,painkillers&stomachtablets,C2
201904,2025-10-18,130425,perfume,C2
201904,2025-10-18,19318,gift_sets,C3
201904,2025-10-18,55602,nail&hair,C3
201904,2025-10-18,18808,painkillers&stomachtablets,C3
201904,2025-10-18,148211,perfume,C3
201904,2025-10-18,23182,gift_sets,C4
201904,2025-10-18,177853,perfume,C4
201904,2025-10-18,22023,gift_sets,C5
201904,2025-10-18,63386,nail&hair,C5
201904,2025-10-18,21441,painkillers&stomachtablets,C5
201904,2025-10-18,168961,perfume,C5
201904,2025-10-18,13909,gift_sets,C6
201904,2025-10-18,40033,nail&hair,C6
201904,2025-10-18,13541,painkillers&stomachtablets,C6
201904,2025-10-18,106712,perfume,C6
201905,2025-10-19,19406,gift_sets,C1
201905,2025-10-19,56432,nail&hair,C1
201905,2025-10-19,18281,painkillers&stomachtablets,C1
201905,2025-10-19,14981,gift_sets,C2
201905,2025-10-19,43561,nail&hair,C2
201905,2025-10-19,14112,painkillers&stomachtablets,C2
201905,2025-10-19,126772,perfume,C2
201905,2025-10-19,17023,gift_sets,C3
201905,2025-10-19,49501,nail&hair,C3
201905,2025-10-19,16036,painkillers&stomachtablets,C3
201905,2025-10-19,144059,perfume,C3
201905,2025-10-19,20428,gift_sets,C4
201905,2025-10-19,172871,perfume,C4
201905,2025-10-19,19406,gift_sets,C5
201905,2025-10-19,56432,nail&hair,C5
201905,2025-10-19,18281,painkillers&stomachtablets,C5
201905,2025-10-19,164227,perfume,C5
201905,2025-10-19,12257,gift_sets,C6
201905,2025-10-19,35641,nail&hair,C6
201905,2025-10-19,11545,painkillers&stomachtablets,C6
201905,2025-10-19,103723,perfume,C6
201906,2025-10-20,20864,gift_sets,C1
201906,2025-10-20,63137,nail&hair,C1
201906,2025-10-20,21195,painkillers&stomachtablets,C1
201906,2025-10-20,16105,gift_sets,C2
201906,2025-10-20,48738,nail&hair,C2
201906,2025-10-20,16361,painkillers&stomachtablets,C2
201906,2025-10-20,122642,perfume,C2
201906,2025-10-20,18302,gift_sets,C3
201906,2025-10-20,55384,nail&hair,C3
201906,2025-10-20,18592,painkillers&stomachtablets,C3
201906,2025-10-20,139365,perfume,C3
201906,2025-10-20,21962,gift_sets,C4
201906,2025-10-20,167238,perfume,C4
201906,2025-10-20,20864,gift_sets,C5
201906,2025-10-20,63137,nail&hair,C5
201906,2025-10-20,21195,painkillers&stomachtablets,C5
201906,2025-10-20,158876,perfume,C5
201906,2025-10-20,13177,gift_sets,C6
201906,2025-10-20,39877,nail&hair,C6
201906,2025-10-20,13386,painkillers&stomachtablets,C6
201906,2025-10-20,100343,perfume,C6
201907,2025-10-21,25036,gift_sets,C1
201907,2025-10-21,60505,nail&hair,C1
201907,2025-10-21,21838,painkillers&stomachtablets,C1
201907,2025-10-21,19327,gift_sets,C2
201907,2025-10-21,46706,nail&hair,C2
201907,2025-10-21,16857,painkillers&stomachtablets,C2
201907,2025-10-21,129314,perfume,C2
201907,2025-10-21,21962,gift_sets,C3
201907,2025-10-21,53074,nail&hair,C3
201907,2025-10-21,19156,painkillers&stomachtablets,C3
201907,2025-10-21,146947,perfume,C3
201907,2025-10-21,26354,gift_sets,C4
201907,2025-10-21,176337,perfume,C4
201907,2025-10-21,25036,gift_sets,C5
201907,2025-10-21,60505,nail&hair,C5
201907,2025-10-21,21838,painkillers&stomachtablets,C5
201907,2025-10-21,167520,perfume,C5
201907,2025-10-21,15812,gift_sets,C6
201907,2025-10-21,38213,nail&hair,C6
201907,2025-10-21,13793,painkillers&stomachtablets,C6
201907,2025-10-21,105802,perfume,C6
201908,2025-10-22,30302,gift_sets,C1
201908,2025-10-22,61697,nail&hair,C1
201908,2025-10-22,22406,painkillers&stomachtablets,C1
201908,2025-10-22,23391,gift_sets,C2
201908,2025-10-22,47625,nail&hair,C2
201908,2025-10-22,17296,painkillers&stomachtablets,C2
201908,2025-10-22,129949,perfume,C2
201908,2025-10-22,26581,gift_sets,C3
201908,2025-10-22,54120,nail&hair,C3
201908,2025-10-22,19654,painkillers&stomachtablets,C3
201908,2025-10-22,147669,perfume,C3
201908,2025-10-22,31897,gift_sets,C4
201908,2025-10-22,177203,perfume,C4
201908,2025-10-22,30302,gift_sets,C5
201908,2025-10-22,61697,nail&hair,C5
201908,2025-10-22,22406,painkillers&stomachtablets,C5
201908,2025-10-22,168343,perfume,C5
201908,2025-10-22,19138,gift_sets,C6
201908,2025-10-22,38967,nail&hair,C6
201908,2025-10-22,14152,painkillers&stomachtablets,C6
201908,2025-10-22,106322,perfume,C6
201909,2025-10-23,29176,gift_sets,C1
201909,2025-10-23,69844,nail&hair,C1
201909,2025-10-23,21535,painkillers&stomachtablets,C1
201909,2025-10-23,22522,gift_sets,C2
201909,2025-10-23,53914,nail&hair,C2
201909,2025-10-23,16624,painkillers&stomachtablets,C2
201909,2025-10-23,128360,perfume,C2
201909,2025-10-23,25593,gift_sets,C3
201909,2025-10-23,61266,nail&hair,C3
201909,2025-10-23,18891,painkillers&stomachtablets,C3
201909,2025-10-23,145864,perfume,C3
201909,2025-10-23,30712,gift_sets,C4
201909,2025-10-23,175037,perfume,C4
201909,2025-10-23,29176,gift_sets,C5
201909,2025-10-23,69844,nail&hair,C5
201909,2025-10-23,21535,painkillers&stomachtablets,C5
201909,2025-10-23,166286,perfume,C5
201909,2025-10-23,18427,gift_sets,C6
201909,2025-10-23,44112,nail&hair,C6
201909,2025-10-23,13601,painkillers&stomachtablets,C6
201909,2025-10-23,105022,perfume,C6
201910,2025-10-24,26361,gift_sets,C1
201910,2025-10-24,73023,nail&hair,C1
201910,2025-10-24,21441,painkillers&stomachtablets,C1
201910,2025-10-24,20349,gift_sets,C2
201910,2025-10-24,56369,nail&hair,C2
201910,2025-10-24,16551,painkillers&stomachtablets,C2
201910,2025-10-24,135668,perfume,C2
201910,2025-10-24,23124,gift_sets,C3
201910,2025-10-24,64055,nail&hair,C3
201910,2025-10-24,18808,painkillers&stomachtablets,C3
201910,2025-10-24,154168,perfume,C3
201910,2025-10-24,27749,gift_sets,C4
201910,2025-10-24,185002,perfume,C4
201910,2025-10-24,26361,gift_sets,C5
201910,2025-10-24,73023,nail&hair,C5
201910,2025-10-24,21441,painkillers&stomachtablets,C5
201910,2025-10-24,175752,perfume,C5
201910,2025-10-24,16649,gift_sets,C6
201910,2025-10-24,46120,nail&hair,C6
201910,2025-10-24,13541,painkillers&stomachtablets,C6
201910,2025-10-24,111001,perfume,C6
201911,2025-10-25,30302,gift_sets,C1
201911,2025-10-25,73868,nail&hair,C1
201911,2025-10-25,23825,painkillers&stomachtablets,C1
201911,2025-10-25,23391,gift_sets,C2
201911,2025-10-25,57020,nail&hair,C2
201911,2025-10-25,18391,painkillers&stomachtablets,C2
201911,2025-10-25,136621,perfume,C2
201911,2025-10-25,26581,gift_sets,C3
201911,2025-10-25,64796,nail&hair,C3
201911,2025-10-25,20899,painkillers&stomachtablets,C3
201911,2025-10-25,155252,perfume,C3
201911,2025-10-25,31897,gift_sets,C4
201911,2025-10-25,186302,perfume,C4
201911,2025-10-25,30302,gift_sets,C5
201911,2025-10-25,73868,nail&hair,C5
201911,2025-10-25,23825,painkillers&stomachtablets,C5
201911,2025-10-25,176987,perfume,C5
201911,2025-10-25,19138,gift_sets,C6
201911,2025-10-25,46653,nail&hair,C6
201911,2025-10-25,15048,painkillers&stomachtablets,C6
201911,2025-10-25,111781,perfume,C6
201912,2025-10-26,47854,gift_sets,C1
201912,2025-10-26,98308,nail&hair,C1
201912,2025-10-26,33779,painkillers&stomachtablets,C1
201912,2025-10-26,36940,gift_sets,C2
201912,2025-10-26,75887,nail&hair,C2
201912,2025-10-26,26075,painkillers&stomachtablets,C2
201912,2025-10-26,152031,perfume,C2
201912,2025-10-26,41977,gift_sets,C3
201912,2025-10-26,86235,nail&hair,C3
201912,2025-10-26,29631,painkillers&stomachtablets,C3
201912,2025-10-26,172763,perfume,C3
201912,2025-10-26,50373,gift_sets,C4
201912,2025-10-26,207315,perfume,C4
201912,2025-10-26,47854,gift_sets,C5
201912,2025-10-26,98308,nail&hair,C5
201912,2025-10-26,33779,painkillers&stomachtablets,C5
201912,2025-10-26,196949,perfume,C5
201912,2025-10-26,30224,gift_sets,C6
201912,2025-10-26,62089,nail&hair,C6
201912,2025-10-26,21334,painkillers&stomachtablets,C6
201912,2025-10-26,124389,perfume,C6
202001,2025-10-27,22453,gift_sets,C1
202001,2025-10-27,70589,nail&hair,C1
202001,2025-10-27,19586,painkillers&stomachtablets,C1
202001,2025-10-27,17332,gift_sets,C2
202001,2025-10-27,54490,nail&hair,C2
202001,2025-10-27,15119,painkillers&stomachtablets,C2
202001,2025-10-27,119941,perfume,C2
202001,2025-10-27,19696,gift_sets,C3
202001,2025-10-27,61920,nail&hair,C3
202001,2025-10-27,17181,painkillers&stomachtablets,C3
202001,2025-10-27,136297,perfume,C3
202001,2025-10-27,23635,gift_sets,C4
202001,2025-10-27,163556,perfume,C4
202001,2025-10-27,22453,gift_sets,C5
202001,2025-10-27,70589,nail&hair,C5
202001,2025-10-27,19586,painkillers&stomachtablets,C5
202001,2025-10-27,155378,perfume,C5
202001,2025-10-27,14181,gift_sets,C6
202001,2025-10-27,44583,nail&hair,C6
202001,2025-10-27,12370,painkillers&stomachtablets,C6
202001,2025-10-27,98133,perfume,C6
202002,2025-10-28,19175,gift_sets,C1
202002,2025-10-28,60704,nail&hair,C1
202002,2025-10-28,21214,painkillers&stomachtablets,C1
202002,2025-10-28,14801,gift_sets,C2
202002,2025-10-28,46858,nail&hair,C2
202002,2025-10-28,16376,painkillers&stomachtablets,C2
202002,2025-10-28,121371,perfume,C2
202002,2025-10-28,16820,gift_sets,C3
202002,2025-10-28,53249,nail&hair,C3
202002,2025-10-28,18609,painkillers&stomachtablets,C3
202002,2025-10-28,137921,perfume,C3
202002,2025-10-28,20184,gift_sets,C4
202002,2025-10-28,165505,perfume,C4
202002,2025-10-28,19175,gift_sets,C5
202002,2025-10-28,60704,nail&hair,C5
202002,2025-10-28,21214,painkillers&stomachtablets,C5
202002,2025-10-28,157230,perfume,C5
202002,2025-10-28,12111,gift_sets,C6
202002,2025-10-28,38339,nail&hair,C6
202002,2025-10-28,13398,painkillers&stomachtablets,C6
202002,2025-10-28,99303,perfume,C6
202003,2025-10-29,21592,gift_sets,C1
202003,2025-10-29,70837,nail&hair,C1
202003,2025-10-29,22823,painkillers&stomachtablets,C1
202003,2025-10-29,16668,gift_sets,C2
202003,2025-10-29,54681,nail&hair,C2
202003,2025-10-29,17618,painkillers&stomachtablets,C2
202003,2025-10-29,132808,perfume,C2
202003,2025-10-29,18941,gift_sets,C3
202003,2025-10-29,62138,nail&hair,C3
202003,2025-10-29,20020,painkillers&stomachtablets,C3
202003,2025-10-29,150919,perfume,C3
202003,2025-10-29,22729,gift_sets,C4
202003,2025-10-29,181103,perfume,C4
202003,2025-10-29,21592,gift_sets,C5
202003,2025-10-29,70837,nail&hair,C5
202003,2025-10-29,22823,painkillers&stomachtablets,C5
202003,2025-10-29,172047,perfume,C5
202003,2025-10-29,13637,gift_sets,C6
202003,2025-10-29,44739,nail&hair,C6
202003,2025-10-29,14414,painkillers&stomachtablets,C6
202003,2025-10-29,108662,perfume,C6
202004,2025-10-30,21328,gift_sets,C1
202004,2025-10-30,61647,nail&hair,C1
202004,2025-10-30,22539,painkillers&stomachtablets,C1
202004,2025-10-30,16463,gift_sets,C2
202004,2025-10-30,47587,nail&hair,C2
202004,2025-10-30,17398,painkillers&stomachtablets,C2
202004,2025-10-30,129473,perfume,C2
202004,2025-10-30,18708,gift_sets,C3
202004,2025-10-30,54077,nail&hair,C3
202004,2025-10-30,19771,painkillers&stomachtablets,C3
202004,2025-10-30,147128,perfume,C3
202004,2025-10-30,22450,gift_sets,C4
202004,2025-10-30,176553,perfume,C4
202004,2025-10-30,21328,gift_sets,C5
202004,2025-10-30,61647,nail&hair,C5
202004,2025-10-30,22539,painkillers&stomachtablets,C5
202004,2025-10-30,167726,perfume,C5
202004,2025-10-30,13470,gift_sets,C6
202004,2025-10-30,38935,nail&hair,C6
202004,2025-10-30,14235,painkillers&stomachtablets,C6
202004,2025-10-30,105932,perfume,C6
202005,2025-10-31,19639,gift_sets,C1
202005,2025-10-31,61796,nail&hair,C1
202005,2025-10-31,21724,painkillers&stomachtablets,C1
202005,2025-10-31,15159,gift_sets,C2
202005,2025-10-31,47703,nail&hair,C2
202005,2025-10-31,16770,painkillers&stomachtablets,C2
202005,2025-10-31,127566,perfume,C2
202005,2025-10-31,17227,gift_sets,C3
202005,2025-10-31,54207,nail&hair,C3
202005,2025-10-31,19057,painkillers&stomachtablets,C3
202005,2025-10-31,144962,perfume,C3
202005,2025-10-31,20672,gift_sets,C4
202005,2025-10-31,173954,perfume,C4
202005,2025-10-31,19639,gift_sets,C5
202005,2025-10-31,61796,nail&hair,C5
202005,2025-10-31,21724,painkillers&stomachtablets,C5
202005,2025-10-31,165256,perfume,C5
202005,2025-10-31,12404,gift_sets,C6
202005,2025-10-31,39029,nail&hair,C6
202005,2025-10-31,13721,painkillers&stomachtablets,C6
202005,2025-10-31,104373,perfume,C6
202006,2025-11-01,18721,gift_sets,C1
202006,2025-11-01,61624,nail&hair,C1
202006,2025-11-01,22710,painkillers&stomachtablets,C1
202006,2025-11-01,14451,gift_sets,C2
202006,2025-11-01,47570,nail&hair,C2
202006,2025-11-01,17531,painkillers&stomachtablets,C2
202006,2025-11-01,116676,perfume,C2
202006,2025-11-01,16422,gift_sets,C3
202006,2025-11-01,54059,nail&hair,C3
202006,2025-11-01,19922,painkillers&stomachtablets,C3
202006,2025-11-01,132586,perfume,C3
202006,2025-11-01,19706,gift_sets,C4
202006,2025-11-01,159109,perfume,C4
202006,2025-11-01,18721,gift_sets,C5
202006,2025-11-01,61624,nail&hair,C5
202006,2025-11-01,22710,painkillers&stomachtablets,C5
202006,2025-11-01,151149,perfume,C5
202006,2025-11-01,11823,gift_sets,C6
202006,2025-11-01,38920,nail&hair,C6
202006,2025-11-01,14343,painkillers&stomachtablets,C6
202006,2025-11-01,95462,perfume,C6
202007,2025-11-02,,gift_sets,C1
202007,2025-11-02,,nail&hair,C1
202007,2025-11-02,,painkillers&stomachtablets,C1
202007,2025-11-02,,perfume,C1
202007,2025-11-02,,gift_sets,C2
202007,2025-11-02,,nail&hair,C2
202007,2025-11-02,,painkillers&stomachtablets,C2
202007,2025-11-02,,perfume,C2
202007,2025-11-02,,gift_sets,C3
202007,2025-11-02,,nail&hair,C3
202007,2025-11-02,,painkillers&stomachtablets,C3
202007,2025-11-02,,perfume,C3
202007,2025-11-02,,gift_sets,C4
202007,2025-11-02,,nail&hair,C4
202007,2025-11-02,,painkillers&stomachtablets,C4
202007,2025-11-02,,perfume,C4
202007,2025-11-02,,gift_sets,C5
202007,2025-11-02,,nail&hair,C5
202007,2025-11-02,,painkillers&stomachtablets,C5
202007,2025-11-02,,perfume,C5
202007,2025-11-02,,gift_sets,C6
202007,2025-11-02,,nail&hair,C6
202007,2025-11-02,,painkillers&stomachtablets,C6
202007,2025-11-02,,perfume,C6
202008,2025-11-03,,gift_sets,C1
202008,2025-11-03,,nail&hair,C1
202008,2025-11-03,,painkillers&stomachtablets,C1
202008,2025-11-03,,perfume,C1
202008,2025-11-03,,gift_sets,C2
202008,2025-11-03,,nail&hair,C2
202008,2025-11-03,,painkillers&stomachtablets,C2
202008,2025-11-03,,perfume,C2
202008,2025-11-03,,gift_sets,C3
202008,2025-11-03,,nail&hair,C3
202008,2025-11-03,,painkillers&stomachtablets,C3
202008,2025-11-03,,perfume,C3
202008,2025-11-03,,gift_sets,C4
202008,2025-11-03,,nail&hair,C4
202008,2025-11-03,,painkillers&stomachtablets,C4
202008,2025-11-03,,perfume,C4
202008,2025-11-03,,gift_sets,C5
202008,2025-11-03,,nail&hair,C5
202008,2025-11-03,,painkillers&stomachtablets,C5
202008,2025-11-03,,perfume,C5
202008,2025-11-03,,gift_sets,C6
202008,2025-11-03,,nail&hair,C6
202008,2025-11-03,,painkillers&stomachtablets,C6
202008,2025-11-03,,perfume,C6
202009,2025-11-04,,gift_sets,C1
202009,2025-11-04,,nail&hair,C1
202009,2025-11-04,,painkillers&stomachtablets,C1
202009,2025-11-04,,perfume,C1
202009,2025-11-04,,gift_sets,C2
202009,2025-11-04,,nail&hair,C2
202009,2025-11-04,,painkillers&stomachtablets,C2
202009,2025-11-04,,perfume,C2
202009,2025-11-04,,gift_sets,C3
202009,2025-11-04,,nail&hair,C3
202009,2025-11-04,,painkillers&stomachtablets,C3
202009,2025-11-04,,perfume,C3
202009,2025-11-04,,gift_sets,C4
202009,2025-11-04,,nail&hair,C4
202009,2025-11-04,,painkillers&stomachtablets,C4
202009,2025-11-04,,perfume,C4
202009,2025-11-04,,gift_sets,C5
202009,2025-11-04,,nail&hair,C5
202009,2025-11-04,,painkillers&stomachtablets,C5
202009,2025-11-04,,perfume,C5
202009,2025-11-04,,gift_sets,C6
202009,2025-11-04,,nail&hair,C6
202009,2025-11-04,,painkillers&stomachtablets,C6
202009,2025-11-04,,perfume,C6
