"0.03306","0.000","5.19",0,"0.5150","6.059","37.300","4.8122",5,224,"20.20","396.140","8.51","20.60",339
"0.05497","0.000","5.19",0,"0.5150","5.985","45.400","4.8122",5,224,"20.20","396.900","9.74","19.00",340
"0.06151","0.000","5.19",0,"0.5150","5.968","58.500","4.8122",5,224,"20.20","396.900","9.29","18.70",341
"0.01301","35.000","1.52",0,"0.4420","7.241","49.300","7.0379",1,284,"15.50","394.740","5.49","32.70",342
"0.02498","0.000","1.89",0,"0.5180","6.540","59.700","6.2669",1,422,"15.90","389.960","8.65","16.50",343
"0.02543","55.000","3.78",0,"0.4840","6.696","56.400","5.7321",5,370,"17.60","396.900","7.18","23.90",344
"2.44953","0.000","19.58",0,"0.6050","6.402","95.200","2.2625",5,403,"14.70","330.040","11.32","22.30",170
"0.00632","18.000","2.31",0,"0.5380","6.575","65.200","4.0900",1,296,"15.30","396.900","4.98","24.00",1
"0.03049","55.000","3.78",0,"0.4840","6.874","28.100","6.4654",5,370,"17.60","387.970","4.61","31.20",345
"1.20742","0.000","19.58",0,"0.6050","5.875","94.600","2.4259",5,403,"14.70","292.290","14.43","17.40",171
"0.03113","0.000","4.39",0,"0.4420","6.014","48.500","8.0136",3,352,"18.80","385.640","10.53","17.50",346
"0.02731","0.000","7.07",0,"0.4690","6.421","78.900","4.9671",2,242,"17.80","396.900","9.14","21.60",2
"2.31390","0.000","19.58",0,"0.6050","5.880","97.300","2.3887",5,403,"14.70","348.130","12.03","19.10",172
"0.06162","0.000","4.39",0,"0.4420","5.898","52.300","8.0136",3,352,"18.80","364.610","12.67","17.20",347
"0.02729","0.000","7.07",0,"0.4690","7.185","61.100","4.9671",2,242,"17.80","392.830","4.03","34.70",3
"0.13914","0.000","4.05",0,"0.5100","5.572","88.500","2.5961",5,296,"16.60","396.900","14.69","23.10",173
"0.01870","85.000","4.15",0,"0.4290","6.516","27.700","8.5353",4,351,"17.90","392.430","6.36","23.10",348
"0.03237","0.000","2.18",0,"0.4580","6.998","45.800","6.0622",3,222,"18.70","394.630","2.94","33.40",4
"0.09178","0.000","4.05",0,"0.5100","6.416","84.100","2.6463",5,296,"16.60","395.500","9.04","23.60",174
"0.01501","80.000","2.01",0,"0.4350","6.635","29.700","8.3440",4,280,"17.00","390.940","5.99","24.50",349
"0.06905","0.000","2.18",0,"0.4580","7.147","54.200","6.0622",3,222,"18.70","396.900","5.33","36.20",5
"0.08447","0.000","4.05",0,"0.5100","5.859","68.700","2.7019",5,296,"16.60","393.230","9.64","22.60",175
"0.02899","40.000","1.25",0,"0.4290","6.939","34.500","8.7921",1,335,"19.70","389.850","5.89","26.60",350
"0.02985","0.000","2.18",0,"0.4580","6.430","58.700","6.0622",3,222,"18.70","394.120","5.21","28.70",6
"0.06664","0.000","4.05",0,"0.5100","6.546","33.100","3.1323",5,296,"16.60","390.960","5.33","29.40",176
"0.06211","40.000","1.25",0,"0.4290","6.490","44.400","8.7921",1,335,"19.70","396.900","5.98","22.90",351
"0.08829","12.500","7.87",0,"0.5240","6.012","66.600","5.5605",5,311,"15.20","395.600","12.43","22.90",7
"0.07022","0.000","4.05",0,"0.5100","6.020","47.200","3.5549",5,296,"16.60","393.230","10.11","23.20",177
"0.07950","60.000","1.69",0,"0.4110","6.579","35.900","10.7103",4,411,"18.30","370.780","5.49","24.10",352
"0.14455","12.500","7.87",0,"0.5240","6.172","96.100","5.9505",5,311,"15.20","396.900","19.15","27.10",8
"0.05425","0.000","4.05",0,"0.5100","6.315","73.400","3.3175",5,296,"16.60","395.600","6.29","24.60",178
"0.07244","60.000","1.69",0,"0.4110","5.884","18.500","10.7103",4,411,"18.30","392.330","7.79","18.60",353
"0.21124","12.500","7.87",0,"0.5240","5.631","100.000","6.0821",5,311,"15.20","386.630","29.93","16.50",9
"0.06642","0.000","4.05",0,"0.5100","6.860","74.400","2.9153",5,296,"16.60","391.270","6.92","29.90",179
"0.01709","90.000","2.02",0,"0.4100","6.728","36.100","12.1265",5,187,"17.00","384.460","4.50","30.10",354
"0.17004","12.500","7.87",0,"0.5240","6.004","85.900","6.5921",5,311,"15.20","386.710","17.10","18.90",10
"0.05780","0.000","2.46",0,"0.4880","6.980","58.400","2.8290",3,193,"17.80","396.900","5.04","37.20",180
"0.04301","80.000","1.91",0,"0.4130","5.663","21.900","10.5857",4,334,"22.00","382.800","8.05","18.20",355
"0.22489","12.500","7.87",0,"0.5240","6.377","94.300","6.3467",5,311,"15.20","392.520","20.45","15.00",11
"0.06588","0.000","2.46",0,"0.4880","7.765","83.300","2.7410",3,193,"17.80","395.560","7.56","39.80",181
"0.10659","80.000","1.91",0,"0.4130","5.936","19.500","10.5857",4,334,"22.00","376.040","5.57","20.60",356
"0.11747","12.500","7.87",0,"0.5240","6.009","82.900","6.2267",5,311,"15.20","396.900","13.27","18.90",12
"0.06888","0.000","2.46",0,"0.4880","6.144","62.200","2.5979",3,193,"17.80","396.900","9.45","36.20",182
"8.98296","0.000","18.10",1,"0.7700","6.212","97.400","2.1222",24,666,"20.20","377.730","17.60","17.80",357
"0.09378","12.500","7.87",0,"0.5240","5.889","39.000","5.4509",5,311,"15.20","390.500","15.71","21.70",13
"0.09103","0.000","2.46",0,"0.4880","7.155","92.200","2.7006",3,193,"17.80","394.120","4.82","37.90",183
"3.84970","0.000","18.10",1,"0.7700","6.395","91.000","2.5052",24,666,"20.20","391.340","13.27","21.70",358
"0.62976","0.000","8.14",0,"0.5380","5.949","61.800","4.7075",4,307,"21.00","396.900","8.26","20.40",14
"0.10008","0.000","2.46",0,"0.4880","6.563","95.600","2.8470",3,193,"17.80","396.900","5.68","32.50",184
"5.20177","0.000","18.10",1,"0.7700","6.127","83.400","2.7227",24,666,"20.20","395.430","11.48","22.70",359
"0.63796","0.000","8.14",0,"0.5380","6.096","84.500","4.4619",4,307,"21.00","380.020","10.26","18.20",15
"4.26131","0.000","18.10",0,"0.7700","6.112","81.300","2.5091",24,666,"20.20","390.740","12.67","22.60",360
"0.08308","0.000","2.46",0,"0.4880","5.604","89.800","2.9879",3,193,"17.80","391.000","13.98","26.40",185
"0.62739","0.000","8.14",0,"0.5380","5.834","56.500","4.4986",4,307,"21.00","395.620","8.47","19.90",16
"4.54192","0.000","18.10",0,"0.7700","6.398","88.000","2.5182",24,666,"20.20","374.560","7.79","25.00",361
"0.06047","0.000","2.46",0,"0.4880","6.153","68.800","3.2797",3,193,"17.80","387.110","13.15","29.60",186
"1.05393","0.000","8.14",0,"0.5380","5.935","29.300","4.4986",4,307,"21.00","386.850","6.58","23.10",17
"3.83684","0.000","18.10",0,"0.7700","6.251","91.100","2.2955",24,666,"20.20","350.650","14.19","19.90",362
"0.05602","0.000","2.46",0,"0.4880","7.831","53.600","3.1992",3,193,"17.80","392.630","4.45","50.00",187
"0.78420","0.000","8.14",0,"0.5380","5.990","81.700","4.2579",4,307,"21.00","386.750","14.67","17.50",18
"3.67822","0.000","18.10",0,"0.7700","5.362","96.200","2.1036",24,666,"20.20","380.790","10.19","20.80",363
"0.07875","45.000","3.44",0,"0.4370","6.782","41.100","3.7886",5,398,"15.20","393.870","6.68","32.00",188
"4.22239","0.000","18.10",1,"0.7700","5.803","89.000","1.9047",24,666,"20.20","353.040","14.64","16.80",364
"0.80271","0.000","8.14",0,"0.5380","5.456","36.600","3.7965",4,307,"21.00","288.990","11.69","20.20",19
"0.12579","45.000","3.44",0,"0.4370","6.556","29.100","4.5667",5,398,"15.20","382.840","4.56","29.80",189
"3.47428","0.000","18.10",1,"0.7180","8.780","82.900","1.9047",24,666,"20.20","354.550","5.29","21.90",365
"0.72580","0.000","8.14",0,"0.5380","5.727","69.500","3.7965",4,307,"21.00","390.950","11.28","18.20",20
"0.08370","45.000","3.44",0,"0.4370","7.185","38.900","4.5667",5,398,"15.20","396.900","5.39","34.90",190
"4.55587","0.000","18.10",0,"0.7180","3.561","87.900","1.6132",24,666,"20.20","354.700","7.12","27.50",366
"1.25179","0.000","8.14",0,"0.5380","5.570","98.100","3.7979",4,307,"21.00","376.570","21.02","13.60",21
"0.09068","45.000","3.44",0,"0.4370","6.951","21.500","6.4798",5,398,"15.20","377.680","5.10","37.00",191
"3.69695","0.000","18.10",0,"0.7180","4.963","91.400","1.7523",24,666,"20.20","316.030","14.00","21.90",367
"0.85204","0.000","8.14",0,"0.5380","5.965","89.200","4.0123",4,307,"21.00","392.530","13.83","19.60",22
"0.06911","45.000","3.44",0,"0.4370","6.739","30.800","6.4798",5,398,"15.20","389.710","4.69","30.50",192
"13.52220","0.000","18.10",0,"0.6310","3.863","100.000","1.5106",24,666,"20.20","131.420","13.33","23.10",368
"1.23247","0.000","8.14",0,"0.5380","6.142","91.700","3.9769",4,307,"21.00","396.900","18.72","15.20",23
"0.08664","45.000","3.44",0,"0.4370","7.178","26.300","6.4798",5,398,"15.20","390.490","2.87","36.40",193
"4.89822","0.000","18.10",0,"0.6310","4.970","100.000","1.3325",24,666,"20.20","375.520","3.26","50.00",369
"0.98843","0.000","8.14",0,"0.5380","5.813","100.000","4.0952",4,307,"21.00","394.540","19.88","14.50",24
"0.02187","60.000","2.93",0,"0.4010","6.800","9.900","6.2196",1,265,"15.60","393.370","5.03","31.10",194
"5.66998","0.000","18.10",1,"0.6310","6.683","96.800","1.3567",24,666,"20.20","375.330","3.73","50.00",370
"0.75026","0.000","8.14",0,"0.5380","5.924","94.100","4.3996",4,307,"21.00","394.330","16.30","15.60",25
"0.01439","60.000","2.93",0,"0.4010","6.604","18.800","6.2196",1,265,"15.60","376.700","4.38","29.10",195
"6.53876","0.000","18.10",1,"0.6310","7.016","97.500","1.2024",24,666,"20.20","392.050","2.96","50.00",371
"0.84054","0.000","8.14",0,"0.5380","5.599","85.700","4.4546",4,307,"21.00","303.420","16.51","13.90",26
"0.01381","80.000","0.46",0,"0.4220","7.875","32.000","5.6484",4,255,"14.40","394.230","2.97","50.00",196
"9.23230","0.000","18.10",0,"0.6310","6.216","100.000","1.1691",24,666,"20.20","366.150","9.53","50.00",372
"0.67191","0.000","8.14",0,"0.5380","5.813","90.300","4.6820",4,307,"21.00","376.880","14.81","16.60",27
"0.04011","80.000","1.52",0,"0.4040","7.287","34.100","7.3090",2,329,"12.60","396.900","4.08","33.30",197
"8.26725","0.000","18.10",1,"0.6680","5.875","89.600","1.1296",24,666,"20.20","347.880","8.88","50.00",373
"0.95577","0.000","8.14",0,"0.5380","6.047","88.800","4.4534",4,307,"21.00","306.380","17.28","14.80",28
"11.10810","0.000","18.10",0,"0.6680","4.906","100.000","1.1742",24,666,"20.20","396.900","34.77","13.80",374
"0.04666","80.000","1.52",0,"0.4040","7.107","36.600","7.3090",2,329,"12.60","354.310","8.61","30.30",198
"0.77299","0.000","8.14",0,"0.5380","6.495","94.400","4.4547",4,307,"21.00","387.940","12.80","18.40",29
"18.49820","0.000","18.10",0,"0.6680","4.138","100.000","1.1370",24,666,"20.20","396.900","37.97","13.80",375
"0.03768","80.000","1.52",0,"0.4040","7.274","38.300","7.3090",2,329,"12.60","392.200","6.62","34.60",199
"1.00245","0.000","8.14",0,"0.5380","6.674","87.300","4.2390",4,307,"21.00","380.230","11.98","21.00",30
"19.60910","0.000","18.10",0,"0.6710","7.313","97.900","1.3163",24,666,"20.20","396.900","13.44","15.00",376
"0.03150","95.000","1.47",0,"0.4030","6.975","15.300","7.6534",3,402,"17.00","396.900","4.56","34.90",200
"1.13081","0.000","8.14",0,"0.5380","5.713","94.100","4.2330",4,307,"21.00","360.170","22.60","12.70",31
"15.28800","0.000","18.10",0,"0.6710","6.649","93.300","1.3449",24,666,"20.20","363.020","23.24","13.90",377
"0.01778","95.000","1.47",0,"0.4030","7.135","13.900","7.6534",3,402,"17.00","384.300","4.45","32.90",201
"9.82349","0.000","18.10",0,"0.6710","6.794","98.800","1.3580",24,666,"20.20","396.900","21.24","13.30",378
"1.35472","0.000","8.14",0,"0.5380","6.072","100.000","4.1750",4,307,"21.00","376.730","13.04","14.50",32
"0.03445","82.500","2.03",0,"0.4150","6.162","38.400","6.2700",2,348,"14.70","393.770","7.43","24.10",202
"23.64820","0.000","18.10",0,"0.6710","6.380","96.200","1.3861",24,666,"20.20","396.900","23.69","13.10",379
"1.38799","0.000","8.14",0,"0.5380","5.950","82.000","3.9900",4,307,"21.00","232.600","27.71","13.20",33
"0.02177","82.500","2.03",0,"0.4150","7.610","15.700","6.2700",2,348,"14.70","395.380","3.11","42.30",203
"17.86670","0.000","18.10",0,"0.6710","6.223","100.000","1.3861",24,666,"20.20","393.740","21.78","10.20",380
"1.15172","0.000","8.14",0,"0.5380","5.701","95.000","3.7872",4,307,"21.00","358.770","18.35","13.10",34
"0.03510","95.000","2.68",0,"0.4161","7.853","33.200","5.1180",4,224,"14.70","392.780","3.81","48.50",204
"88.97620","0.000","18.10",0,"0.6710","6.968","91.900","1.4165",24,666,"20.20","396.900","17.21","10.40",381
"1.61282","0.000","8.14",0,"0.5380","6.096","96.900","3.7598",4,307,"21.00","248.310","20.34","13.50",35
"0.02009","95.000","2.68",0,"0.4161","8.034","31.900","5.1180",4,224,"14.70","390.550","2.88","50.00",205
"15.87440","0.000","18.10",0,"0.6710","6.545","99.100","1.5192",24,666,"20.20","396.900","21.08","10.90",382
"0.06417","0.000","5.96",0,"0.4990","5.933","68.200","3.3603",5,279,"19.20","396.900","9.68","18.90",36
"0.13642","0.000","10.59",0,"0.4890","5.891","22.300","3.9454",4,277,"18.60","396.900","10.87","22.60",206
"9.18702","0.000","18.10",0,"0.7000","5.536","100.000","1.5804",24,666,"20.20","396.900","23.60","11.30",383
"0.09744","0.000","5.96",0,"0.4990","5.841","61.400","3.3779",5,279,"19.20","377.560","11.41","20.00",37
"0.22969","0.000","10.59",0,"0.4890","6.326","52.500","4.3549",4,277,"18.60","394.870","10.97","24.40",207
"7.99248","0.000","18.10",0,"0.7000","5.520","100.000","1.5331",24,666,"20.20","396.900","24.56","12.30",384
"0.08014","0.000","5.96",0,"0.4990","5.850","41.500","3.9342",5,279,"19.20","396.900","8.77","21.00",38
"0.25199","0.000","10.59",0,"0.4890","5.783","72.700","4.3549",4,277,"18.60","389.430","18.06","22.50",208
"20.08490","0.000","18.10",0,"0.7000","4.368","91.200","1.4395",24,666,"20.20","285.830","30.63","8.80",385
"0.17505","0.000","5.96",0,"0.4990","5.966","30.200","3.8473",5,279,"19.20","393.430","10.13","24.70",39
"0.13587","0.000","10.59",1,"0.4890","6.064","59.100","4.2392",4,277,"18.60","381.320","14.66","24.40",209
"16.81180","0.000","18.10",0,"0.7000","5.277","98.100","1.4261",24,666,"20.20","396.900","30.81","7.20",386
"0.02763","75.000","2.95",0,"0.4280","6.595","21.800","5.4011",3,252,"18.30","395.630","4.32","30.80",40
"0.43571","0.000","10.59",1,"0.4890","5.344","100.000","3.8750",4,277,"18.60","396.900","23.09","20.00",210
"24.39380","0.000","18.10",0,"0.7000","4.652","100.000","1.4672",24,666,"20.20","396.900","28.28","10.50",387
"0.03359","75.000","2.95",0,"0.4280","7.024","15.800","5.4011",3,252,"18.30","395.620","1.98","34.90",41
"0.17446","0.000","10.59",1,"0.4890","5.960","92.100","3.8771",4,277,"18.60","393.250","17.27","21.70",211
"0.37578","0.000","10.59",1,"0.4890","5.404","88.600","3.6650",4,277,"18.60","395.240","23.98","19.30",212
"0.12744","0.000","6.91",0,"0.4480","6.770","2.900","5.7209",3,233,"17.90","385.410","4.84","26.60",42
"22.59710","0.000","18.10",0,"0.7000","5.000","89.500","1.5184",24,666,"20.20","396.900","31.99","7.40",388
"0.14150","0.000","6.91",0,"0.4480","6.169","6.600","5.7209",3,233,"17.90","383.370","5.81","25.30",43
"0.21719","0.000","10.59",1,"0.4890","5.807","53.800","3.6526",4,277,"18.60","390.940","16.03","22.40",213
"14.33370","0.000","18.10",0,"0.7000","4.880","100.000","1.5895",24,666,"20.20","372.920","30.62","10.20",389
"0.14052","0.000","10.59",0,"0.4890","6.375","32.300","3.9454",4,277,"18.60","385.810","9.38","28.10",214
"0.15936","0.000","6.91",0,"0.4480","6.211","6.500","5.7209",3,233,"17.90","394.460","7.44","24.70",44
"8.15174","0.000","18.10",0,"0.7000","5.390","98.900","1.7281",24,666,"20.20","396.900","20.85","11.50",390
"0.28955","0.000","10.59",0,"0.4890","5.412","9.800","3.5875",4,277,"18.60","348.930","29.55","23.70",215
"0.12269","0.000","6.91",0,"0.4480","6.069","40.000","5.7209",3,233,"17.90","389.390","9.55","21.20",45
"6.96215","0.000","18.10",0,"0.7000","5.713","97.000","1.9265",24,666,"20.20","394.430","17.11","15.10",391
"0.19802","0.000","10.59",0,"0.4890","6.182","42.400","3.9454",4,277,"18.60","393.630","9.47","25.00",216
"0.17142","0.000","6.91",0,"0.4480","5.682","33.800","5.1004",3,233,"17.90","396.900","10.21","19.30",46
"5.29305","0.000","18.10",0,"0.7000","6.051","82.500","2.1678",24,666,"20.20","378.380","18.76","23.20",392
"0.04560","0.000","13.89",1,"0.5500","5.888","56.000","3.1121",5,276,"16.40","392.800","13.51","23.30",217
"0.18836","0.000","6.91",0,"0.4480","5.786","33.300","5.1004",3,233,"17.90","396.900","14.15","20.00",47
"11.57790","0.000","18.10",0,"0.7000","5.036","97.000","1.7700",24,666,"20.20","396.900","25.68","9.70",393
"0.07013","0.000","13.89",0,"0.5500","6.642","85.100","3.4211",5,276,"16.40","392.780","9.69","28.70",218
"0.22927","0.000","6.91",0,"0.4480","6.030","85.500","5.6894",3,233,"17.90","392.740","18.80","16.60",48
"8.64476","0.000","18.10",0,"0.6930","6.193","92.600","1.7912",24,666,"20.20","396.900","15.17","13.80",394
"0.11069","0.000","13.89",1,"0.5500","5.951","93.800","2.8893",5,276,"16.40","396.900","17.92","21.50",219
"13.35980","0.000","18.10",0,"0.6930","5.887","94.700","1.7821",24,666,"20.20","396.900","16.35","12.70",395
"0.25387","0.000","6.91",0,"0.4480","5.399","95.300","5.8700",3,233,"17.90","396.900","30.81","14.40",49
"0.11425","0.000","13.89",1,"0.5500","6.373","92.400","3.3633",5,276,"16.40","393.740","10.50","23.00",220
"8.71675","0.000","18.10",0,"0.6930","6.471","98.800","1.7257",24,666,"20.20","391.980","17.12","13.10",396
"0.21977","0.000","6.91",0,"0.4480","5.602","62.000","6.0877",3,233,"17.90","396.900","16.20","19.40",50
"0.35809","0.000","6.20",1,"0.5070","6.951","88.500","2.8617",8,307,"17.40","391.700","9.71","26.70",221
"5.87205","0.000","18.10",0,"0.6930","6.405","96.000","1.6768",24,666,"20.20","396.900","19.37","12.50",397
"0.08873","21.000","5.64",0,"0.4390","5.963","45.700","6.8147",4,243,"16.80","395.560","13.45","19.70",51
"0.40771","0.000","6.20",1,"0.5070","6.164","91.300","3.0480",8,307,"17.40","395.240","21.46","21.70",222
"7.67202","0.000","18.10",0,"0.6930","5.747","98.900","1.6334",24,666,"20.20","393.100","19.92","8.50",398
"0.04337","21.000","5.64",0,"0.4390","6.115","63.000","6.8147",4,243,"16.80","393.970","9.43","20.50",52
"38.35180","0.000","18.10",0,"0.6930","5.453","100.000","1.4896",24,666,"20.20","396.900","30.59","5.00",399
"0.62356","0.000","6.20",1,"0.5070","6.879","77.700","3.2721",8,307,"17.40","390.390","9.93","27.50",223
"0.05360","21.000","5.64",0,"0.4390","6.511","21.100","6.8147",4,243,"16.80","396.900","5.28","25.00",53
"9.91655","0.000","18.10",0,"0.6930","5.852","77.800","1.5004",24,666,"20.20","338.160","29.97","6.30",400
"0.61470","0.000","6.20",0,"0.5070","6.618","80.800","3.2721",8,307,"17.40","396.900","7.60","30.10",224
"0.04981","21.000","5.64",0,"0.4390","5.998","21.400","6.8147",4,243,"16.80","396.900","8.43","23.40",54
"25.04610","0.000","18.10",0,"0.6930","5.987","100.000","1.5888",24,666,"20.20","396.900","26.77","5.60",401
"0.31533","0.000","6.20",0,"0.5040","8.266","78.300","2.8944",8,307,"17.40","385.050","4.14","44.80",225
"0.01360","75.000","4.00",0,"0.4100","5.888","47.600","7.3197",3,469,"21.10","396.900","14.80","18.90",55
"14.23620","0.000","18.10",0,"0.6930","6.343","100.000","1.5741",24,666,"20.20","396.900","20.32","7.20",402
"0.52693","0.000","6.20",0,"0.5040","8.725","83.000","2.8944",8,307,"17.40","382.000","4.63","50.00",226
"0.01311","90.000","1.22",0,"0.4030","7.249","21.900","8.6966",5,226,"17.90","395.930","4.81","35.40",56
"9.59571","0.000","18.10",0,"0.6930","6.404","100.000","1.6390",24,666,"20.20","376.110","20.31","12.10",403
"0.38214","0.000","6.20",0,"0.5040","8.040","86.500","3.2157",8,307,"17.40","387.380","3.13","37.60",227
"0.02055","85.000","0.74",0,"0.4100","6.383","35.700","9.1876",2,313,"17.30","396.900","5.77","24.70",57
"24.80170","0.000","18.10",0,"0.6930","5.349","96.000","1.7028",24,666,"20.20","396.900","19.77","8.30",404
"0.41238","0.000","6.20",0,"0.5040","7.163","79.900","3.2157",8,307,"17.40","372.080","6.36","31.60",228
"0.01432","100.000","1.32",0,"0.4110","6.816","40.500","8.3248",5,256,"15.10","392.900","3.95","31.60",58
"41.52920","0.000","18.10",0,"0.6930","5.531","85.400","1.6074",24,666,"20.20","329.460","27.38","8.50",405
"0.29819","0.000","6.20",0,"0.5040","7.686","17.000","3.3751",8,307,"17.40","377.510","3.92","46.70",229
"0.15445","25.000","5.13",0,"0.4530","6.145","29.200","7.8148",8,284,"19.70","390.680","6.86","23.30",59
"67.92080","0.000","18.10",0,"0.6930","5.683","100.000","1.4254",24,666,"20.20","384.970","22.98","5.00",406
"0.44178","0.000","6.20",0,"0.5040","6.552","21.400","3.3751",8,307,"17.40","380.340","3.76","31.50",230
"0.10328","25.000","5.13",0,"0.4530","5.927","47.200","6.9320",8,284,"19.70","396.900","9.22","19.60",60
"20.71620","0.000","18.10",0,"0.6590","4.138","100.000","1.1781",24,666,"20.20","370.220","23.34","11.90",407
"0.53700","0.000","6.20",0,"0.5040","5.981","68.100","3.6715",8,307,"17.40","378.350","11.65","24.30",231
"11.95110","0.000","18.10",0,"0.6590","5.608","100.000","1.2852",24,666,"20.20","332.090","12.13","27.90",408
"0.14932","25.000","5.13",0,"0.4530","5.741","66.200","7.2254",8,284,"19.70","395.110","13.15","18.70",61
"0.46296","0.000","6.20",0,"0.5040","7.412","76.900","3.6715",8,307,"17.40","376.140","5.25","31.70",232
"7.40389","0.000","18.10",0,"0.5970","5.617","97.900","1.4547",24,666,"20.20","314.640","26.40","17.20",409
"0.17171","25.000","5.13",0,"0.4530","5.966","93.400","6.8185",8,284,"19.70","378.080","14.44","16.00",62
"0.57529","0.000","6.20",0,"0.5070","8.337","73.300","3.8384",8,307,"17.40","385.910","2.47","41.70",233
"14.43830","0.000","18.10",0,"0.5970","6.852","100.000","1.4655",24,666,"20.20","179.360","19.78","27.50",410
"0.11027","25.000","5.13",0,"0.4530","6.456","67.800","7.2255",8,284,"19.70","396.900","6.73","22.20",63
"0.33147","0.000","6.20",0,"0.5070","8.247","70.400","3.6519",8,307,"17.40","378.950","3.95","48.30",234
"51.13580","0.000","18.10",0,"0.5970","5.757","100.000","1.4130",24,666,"20.20","2.600","10.11","15.00",411
"0.12650","25.000","5.13",0,"0.4530","6.762","43.400","7.9809",8,284,"19.70","395.580","9.50","25.00",64
"0.44791","0.000","6.20",1,"0.5070","6.726","66.500","3.6519",8,307,"17.40","360.200","8.05","29.00",235
"14.05070","0.000","18.10",0,"0.5970","6.657","100.000","1.5275",24,666,"20.20","35.050","21.22","17.20",412
"0.01951","17.500","1.38",0,"0.4161","7.104","59.500","9.2229",3,216,"18.60","393.240","8.05","33.00",65
"0.33045","0.000","6.20",0,"0.5070","6.086","61.500","3.6519",8,307,"17.40","376.750","10.88","24.00",236
"18.81100","0.000","18.10",0,"0.5970","4.628","100.000","1.5539",24,666,"20.20","28.790","34.37","17.90",413
"0.03584","80.000","3.37",0,"0.3980","6.290","17.800","6.6115",4,337,"16.10","396.900","4.67","23.50",66
"28.65580","0.000","18.10",0,"0.5970","5.155","100.000","1.5894",24,666,"20.20","210.970","20.08","16.30",414
"0.52058","0.000","6.20",1,"0.5070","6.631","76.500","4.1480",8,307,"17.40","388.450","9.54","25.10",237
"0.04379","80.000","3.37",0,"0.3980","5.787","31.100","6.6115",4,337,"16.10","396.900","10.24","19.40",67
"45.74610","0.000","18.10",0,"0.6930","4.519","100.000","1.6582",24,666,"20.20","88.270","36.98","7.00",415
"0.51183","0.000","6.20",0,"0.5070","7.358","71.600","4.1480",8,307,"17.40","390.070","4.73","31.50",238
"0.05789","12.500","6.07",0,"0.4090","5.878","21.400","6.4980",4,345,"18.90","396.210","8.10","22.00",68
"18.08460","0.000","18.10",0,"0.6790","6.434","100.000","1.8347",24,666,"20.20","27.250","29.05","7.20",416
"0.08244","30.000","4.93",0,"0.4280","6.481","18.500","6.1899",6,300,"16.60","379.410","6.36","23.70",239
"0.13554","12.500","6.07",0,"0.4090","5.594","36.800","6.4980",4,345,"18.90","396.900","13.09","17.40",69
"10.83420","0.000","18.10",0,"0.6790","6.782","90.800","1.8195",24,666,"20.20","21.570","25.79","7.50",417
"0.09252","30.000","4.93",0,"0.4280","6.606","42.200","6.1899",6,300,"16.60","383.780","7.37","23.30",240
"0.12816","12.500","6.07",0,"0.4090","5.885","33.000","6.4980",4,345,"18.90","396.900","8.79","20.90",70
"25.94060","0.000","18.10",0,"0.6790","5.304","89.100","1.6475",24,666,"20.20","127.360","26.64","10.40",418
"0.11329","30.000","4.93",0,"0.4280","6.897","54.300","6.3361",6,300,"16.60","391.250","11.38","22.00",241
"0.08826","0.000","10.81",0,"0.4130","6.417","6.600","5.2873",4,305,"19.20","383.730","6.72","24.20",71
"73.53410","0.000","18.10",0,"0.6790","5.957","100.000","1.8026",24,666,"20.20","16.450","20.62","8.80",419
"0.10612","30.000","4.93",0,"0.4280","6.095","65.100","6.3361",6,300,"16.60","394.620","12.40","20.10",242
"11.81230","0.000","18.10",0,"0.7180","6.824","76.500","1.7940",24,666,"20.20","48.450","22.74","8.40",420
"0.15876","0.000","10.81",0,"0.4130","5.961","17.500","5.2873",4,305,"19.20","376.940","9.88","21.70",72
"0.10290","30.000","4.93",0,"0.4280","6.358","52.900","7.0355",6,300,"16.60","372.750","11.22","22.20",243
"11.08740","0.000","18.10",0,"0.7180","6.411","100.000","1.8589",24,666,"20.20","318.750","15.02","16.70",421
"0.09164","0.000","10.81",0,"0.4130","6.065","7.800","5.2873",4,305,"19.20","390.910","5.52","22.80",73
"0.12757","30.000","4.93",0,"0.4280","6.393","7.800","7.0355",6,300,"16.60","374.710","5.19","23.70",244
"7.02259","0.000","18.10",0,"0.7180","6.006","95.300","1.8746",24,666,"20.20","319.980","15.70","14.20",422
"0.19539","0.000","10.81",0,"0.4130","6.245","6.200","5.2873",4,305,"19.20","377.170","7.54","23.40",74
"0.20608","22.000","5.86",0,"0.4310","5.593","76.500","7.9549",7,330,"19.10","372.490","12.50","17.60",245
"12.04820","0.000","18.10",0,"0.6140","5.648","87.600","1.9512",24,666,"20.20","291.550","14.10","20.80",423
"0.07896","0.000","12.83",0,"0.4370","6.273","6.000","4.2515",5,398,"18.70","394.920","6.78","24.10",75
"0.19133","22.000","5.86",0,"0.4310","5.605","70.200","7.9549",7,330,"19.10","389.130","18.46","18.50",246
"7.05042","0.000","18.10",0,"0.6140","6.103","85.100","2.0218",24,666,"20.20","2.520","23.29","13.40",424
"0.09512","0.000","12.83",0,"0.4370","6.286","45.000","4.5026",5,398,"18.70","383.230","8.94","21.40",76
"0.33983","22.000","5.86",0,"0.4310","6.108","34.900","8.0555",7,330,"19.10","390.180","9.16","24.30",247
"8.79212","0.000","18.10",0,"0.5840","5.565","70.600","2.0635",24,666,"20.20","3.650","17.16","11.70",425
"0.10153","0.000","12.83",0,"0.4370","6.279","74.500","4.0522",5,398,"18.70","373.660","11.97","20.00",77
"15.86030","0.000","18.10",0,"0.6790","5.896","95.400","1.9096",24,666,"20.20","7.680","24.39","8.30",426
"0.19657","22.000","5.86",0,"0.4310","6.226","79.200","8.0555",7,330,"19.10","376.140","10.15","20.50",248
"0.08707","0.000","12.83",0,"0.4370","6.140","45.800","4.0905",5,398,"18.70","386.960","10.27","20.80",78
"12.24720","0.000","18.10",0,"0.5840","5.837","59.700","1.9976",24,666,"20.20","24.650","15.69","10.20",427
"0.16439","22.000","5.86",0,"0.4310","6.433","49.100","7.8265",7,330,"19.10","374.710","9.52","24.50",249
"0.05646","0.000","12.83",0,"0.4370","6.232","53.700","5.0141",5,398,"18.70","386.400","12.34","21.20",79
"37.66190","0.000","18.10",0,"0.6790","6.202","78.700","1.8629",24,666,"20.20","18.820","14.52","10.90",428
"0.19073","22.000","5.86",0,"0.4310","6.718","17.500","7.8265",7,330,"19.10","393.740","6.56","26.20",250
"0.08387","0.000","12.83",0,"0.4370","5.874","36.600","4.5026",5,398,"18.70","396.060","9.10","20.30",80
"7.36711","0.000","18.10",0,"0.6790","6.193","78.100","1.9356",24,666,"20.20","96.730","21.52","11.00",429
"0.04113","25.000","4.86",0,"0.4260","6.727","33.500","5.4007",4,281,"19.00","396.900","5.29","28.00",81
"9.33889","0.000","18.10",0,"0.6790","6.380","95.600","1.9682",24,666,"20.20","60.720","24.08","9.50",430
"0.14030","22.000","5.86",0,"0.4310","6.487","13.000","7.3967",7,330,"19.10","396.280","5.90","24.40",251
"0.04462","25.000","4.86",0,"0.4260","6.619","70.400","5.4007",4,281,"19.00","395.630","7.22","23.90",82
"8.49213","0.000","18.10",0,"0.5840","6.348","86.100","2.0527",24,666,"20.20","83.450","17.64","14.50",431
"0.21409","22.000","5.86",0,"0.4310","6.438","8.900","7.3967",7,330,"19.10","377.070","3.59","24.80",252
"10.06230","0.000","18.10",0,"0.5840","6.833","94.300","2.0882",24,666,"20.20","81.330","19.69","14.10",432
"0.03659","25.000","4.86",0,"0.4260","6.302","32.200","5.4007",4,281,"19.00","396.900","6.72","24.80",83
"0.08221","22.000","5.86",0,"0.4310","6.957","6.800","8.9067",7,330,"19.10","386.090","3.53","29.60",253
"6.44405","0.000","18.10",0,"0.5840","6.425","74.800","2.2004",24,666,"20.20","97.950","12.03","16.10",433
"0.03551","25.000","4.86",0,"0.4260","6.167","46.700","5.4007",4,281,"19.00","390.640","7.51","22.90",84
"0.36894","22.000","5.86",0,"0.4310","8.259","8.400","8.9067",7,330,"19.10","396.900","3.54","42.80",254
"5.58107","0.000","18.10",0,"0.7130","6.436","87.900","2.3158",24,666,"20.20","100.190","16.22","14.30",434
"0.04819","80.000","3.64",0,"0.3920","6.108","32.000","9.2203",1,315,"16.40","392.890","6.57","21.90",255
"0.05059","0.000","4.49",0,"0.4490","6.389","48.000","4.7794",3,247,"18.50","396.900","9.62","23.90",85
"13.91340","0.000","18.10",0,"0.7130","6.208","95.000","2.2222",24,666,"20.20","100.630","15.17","11.70",435
"0.03548","80.000","3.64",0,"0.3920","5.876","19.100","9.2203",1,315,"16.40","395.180","9.25","20.90",256
"0.05735","0.000","4.49",0,"0.4490","6.630","56.100","4.4377",3,247,"18.50","392.300","6.53","26.60",86
"11.16040","0.000","18.10",0,"0.7400","6.629","94.600","2.1247",24,666,"20.20","109.850","23.27","13.40",436
"0.01538","90.000","3.75",0,"0.3940","7.454","34.200","6.3361",3,244,"15.90","386.340","3.11","44.00",257
"0.05188","0.000","4.49",0,"0.4490","6.015","45.100","4.4272",3,247,"18.50","395.990","12.86","22.50",87
"14.42080","0.000","18.10",0,"0.7400","6.461","93.300","2.0026",24,666,"20.20","27.490","18.05","9.60",437
"0.61154","20.000","3.97",0,"0.6470","8.704","86.900","1.8010",5,264,"13.00","389.700","5.12","50.00",258
"0.07151","0.000","4.49",0,"0.4490","6.121","56.800","3.7476",3,247,"18.50","395.150","8.44","22.20",88
"15.17720","0.000","18.10",0,"0.7400","6.152","100.000","1.9142",24,666,"20.20","9.320","26.45","8.70",438
"0.66351","20.000","3.97",0,"0.6470","7.333","100.000","1.8946",5,264,"13.00","383.290","7.79","36.00",259
"13.67810","0.000","18.10",0,"0.7400","5.935","87.900","1.8206",24,666,"20.20","68.950","34.02","8.40",439
"0.05660","0.000","3.41",0,"0.4890","7.007","86.300","3.4217",2,270,"17.80","396.900","5.50","23.60",89
"0.65665","20.000","3.97",0,"0.6470","6.842","100.000","2.0107",5,264,"13.00","391.930","6.90","30.10",260
"9.39063","0.000","18.10",0,"0.7400","5.627","93.900","1.8172",24,666,"20.20","396.900","22.88","12.80",440
"0.05302","0.000","3.41",0,"0.4890","7.079","63.100","3.4145",2,270,"17.80","396.060","5.70","28.70",90
"0.54011","20.000","3.97",0,"0.6470","7.203","81.800","2.1121",5,264,"13.00","392.800","9.59","33.80",261
"22.05110","0.000","18.10",0,"0.7400","5.818","92.400","1.8662",24,666,"20.20","391.450","22.11","10.50",441
"0.04684","0.000","3.41",0,"0.4890","6.417","66.100","3.0923",2,270,"17.80","392.180","8.81","22.60",91
"0.53412","20.000","3.97",0,"0.6470","7.520","89.400","2.1398",5,264,"13.00","388.370","7.26","43.10",262
"9.72418","0.000","18.10",0,"0.7400","6.406","97.200","2.0651",24,666,"20.20","385.960","19.52","17.10",442
"0.03932","0.000","3.41",0,"0.4890","6.405","73.900","3.0921",2,270,"17.80","393.550","8.20","22.00",92
"0.52014","20.000","3.97",0,"0.6470","8.398","91.500","2.2885",5,264,"13.00","386.860","5.91","48.80",263
"5.66637","0.000","18.10",0,"0.7400","6.219","100.000","2.0048",24,666,"20.20","395.690","16.59","18.40",443
"0.04203","28.000","15.04",0,"0.4640","6.442","53.600","3.6659",4,270,"18.20","395.010","8.16","22.90",93
"9.96654","0.000","18.10",0,"0.7400","6.485","100.000","1.9784",24,666,"20.20","386.730","18.85","15.40",444
"0.82526","20.000","3.97",0,"0.6470","7.327","94.500","2.0788",5,264,"13.00","393.420","11.25","31.00",264
"0.02875","28.000","15.04",0,"0.4640","6.211","28.900","3.6659",4,270,"18.20","396.330","6.21","25.00",94
"12.80230","0.000","18.10",0,"0.7400","5.854","96.600","1.8956",24,666,"20.20","240.520","23.79","10.80",445
"0.55007","20.000","3.97",0,"0.6470","7.206","91.600","1.9301",5,264,"13.00","387.890","8.10","36.50",265
"0.04294","28.000","15.04",0,"0.4640","6.249","77.300","3.6150",4,270,"18.20","396.900","10.59","20.60",95
"10.67180","0.000","18.10",0,"0.7400","6.459","94.800","1.9879",24,666,"20.20","43.060","23.98","11.80",446
"0.76162","20.000","3.97",0,"0.6470","5.560","62.800","1.9865",5,264,"13.00","392.400","10.45","22.80",266
"0.12204","0.000","2.89",0,"0.4450","6.625","57.800","3.4952",2,276,"18.00","357.980","6.65","28.40",96
"6.28807","0.000","18.10",0,"0.7400","6.341","96.400","2.0720",24,666,"20.20","318.010","17.79","14.90",447
"0.11504","0.000","2.89",0,"0.4450","6.163","69.600","3.4952",2,276,"18.00","391.830","11.34","21.40",97
"0.78570","20.000","3.97",0,"0.6470","7.014","84.600","2.1329",5,264,"13.00","384.070","14.79","30.70",267
"9.92485","0.000","18.10",0,"0.7400","6.251","96.600","2.1980",24,666,"20.20","388.520","16.44","12.60",448
"0.12083","0.000","2.89",0,"0.4450","8.069","76.000","3.4952",2,276,"18.00","396.900","4.21","38.70",98
"0.57834","20.000","3.97",0,"0.5750","8.297","67.000","2.4216",5,264,"13.00","384.540","7.44","50.00",268
"9.32909","0.000","18.10",0,"0.7130","6.185","98.700","2.2616",24,666,"20.20","396.900","18.13","14.10",449
"0.08187","0.000","2.89",0,"0.4450","7.820","36.900","3.4952",2,276,"18.00","393.530","3.57","43.80",99
"0.54050","20.000","3.97",0,"0.5750","7.470","52.600","2.8720",5,264,"13.00","390.300","3.16","43.50",269
"7.52601","0.000","18.10",0,"0.7130","6.417","98.300","2.1850",24,666,"20.20","304.210","19.31","13.00",450
"0.06860","0.000","2.89",0,"0.4450","7.416","62.500","3.4952",2,276,"18.00","396.900","6.19","33.20",100
"0.09065","20.000","6.96",1,"0.4640","5.920","61.500","3.9175",3,223,"18.60","391.340","13.65","20.70",270
"6.71772","0.000","18.10",0,"0.7130","6.749","92.600","2.3236",24,666,"20.20","0.320","17.44","13.40",451
"0.14866","0.000","8.56",0,"0.5200","6.727","79.900","2.7778",5,384,"20.90","394.760","9.42","27.50",101
"0.29916","20.000","6.96",0,"0.4640","5.856","42.100","4.4290",3,223,"18.60","388.650","13.00","21.10",271
"5.44114","0.000","18.10",0,"0.7130","6.655","98.200","2.3552",24,666,"20.20","355.290","17.73","15.20",452
"0.11432","0.000","8.56",0,"0.5200","6.781","71.300","2.8561",5,384,"20.90","395.580","7.67","26.50",102
"0.16211","20.000","6.96",0,"0.4640","6.240","16.300","4.4290",3,223,"18.60","396.900","6.59","25.20",272
"5.09017","0.000","18.10",0,"0.7130","6.297","91.800","2.3682",24,666,"20.20","385.090","17.27","16.10",453
"0.22876","0.000","8.56",0,"0.5200","6.405","85.400","2.7147",5,384,"20.90","70.800","10.63","18.60",103
"0.11460","20.000","6.96",0,"0.4640","6.538","58.700","3.9175",3,223,"18.60","394.960","7.73","24.40",273
"8.24809","0.000","18.10",0,"0.7130","7.393","99.300","2.4527",24,666,"20.20","375.870","16.74","17.80",454
"0.21161","0.000","8.56",0,"0.5200","6.137","87.400","2.7147",5,384,"20.90","394.470","13.44","19.30",104
"9.51363","0.000","18.10",0,"0.7130","6.728","94.100","2.4961",24,666,"20.20","6.680","18.71","14.90",455
"0.22188","20.000","6.96",1,"0.4640","7.691","51.800","4.3665",3,223,"18.60","390.770","6.58","35.20",274
"0.13960","0.000","8.56",0,"0.5200","6.167","90.000","2.4210",5,384,"20.90","392.690","12.33","20.10",105
"4.75237","0.000","18.10",0,"0.7130","6.525","86.500","2.4358",24,666,"20.20","50.920","18.13","14.10",456
"0.05644","40.000","6.41",1,"0.4470","6.758","32.900","4.0776",4,254,"17.60","396.900","3.53","32.40",275
"0.13262","0.000","8.56",0,"0.5200","5.851","96.700","2.1069",5,384,"20.90","394.050","16.47","19.50",106
"4.66883","0.000","18.10",0,"0.7130","5.976","87.900","2.5806",24,666,"20.20","10.480","19.01","12.70",457
"0.09604","40.000","6.41",0,"0.4470","6.854","42.800","4.2673",4,254,"17.60","396.900","2.98","32.00",276
"0.17120","0.000","8.56",0,"0.5200","5.836","91.900","2.2110",5,384,"20.90","395.670","18.66","19.50",107
"8.20058","0.000","18.10",0,"0.7130","5.936","80.300","2.7792",24,666,"20.20","3.500","16.94","13.50",458
"0.10469","40.000","6.41",1,"0.4470","7.267","49.000","4.7872",4,254,"17.60","389.250","6.05","33.20",277
"0.13117","0.000","8.56",0,"0.5200","6.127","85.200","2.1224",5,384,"20.90","387.690","14.09","20.40",108
"7.75223","0.000","18.10",0,"0.7130","6.301","83.700","2.7831",24,666,"20.20","272.210","16.23","14.90",459
"0.06127","40.000","6.41",1,"0.4470","6.826","27.600","4.8628",4,254,"17.60","393.450","4.16","33.10",278
"6.80117","0.000","18.10",0,"0.7130","6.081","84.400","2.7175",24,666,"20.20","396.900","14.70","20.00",460
"0.12802","0.000","8.56",0,"0.5200","6.474","97.100","2.4329",5,384,"20.90","395.240","12.27","19.80",109
"0.07978","40.000","6.41",0,"0.4470","6.482","32.100","4.1403",4,254,"17.60","396.900","7.19","29.10",279
"4.81213","0.000","18.10",0,"0.7130","6.701","90.000","2.5975",24,666,"20.20","255.230","16.42","16.40",461
"0.26363","0.000","8.56",0,"0.5200","6.229","91.200","2.5451",5,384,"20.90","391.230","15.55","19.40",110
"0.21038","20.000","3.33",0,"0.4429","6.812","32.200","4.1007",5,216,"14.90","396.900","4.85","35.10",280
"3.69311","0.000","18.10",0,"0.7130","6.376","88.400","2.5671",24,666,"20.20","391.430","14.65","17.70",462
"0.10793","0.000","8.56",0,"0.5200","6.195","54.400","2.7778",5,384,"20.90","393.490","13.00","21.70",111
"0.03578","20.000","3.33",0,"0.4429","7.820","64.500","4.6947",5,216,"14.90","387.310","3.76","45.40",281
"6.65492","0.000","18.10",0,"0.7130","6.317","83.000","2.7344",24,666,"20.20","396.900","13.99","19.50",463
"0.10084","0.000","10.01",0,"0.5470","6.715","81.600","2.6775",6,432,"17.80","395.590","10.16","22.80",112
"0.03705","20.000","3.33",0,"0.4429","6.968","37.200","5.2447",5,216,"14.90","392.230","4.59","35.40",282
"5.82115","0.000","18.10",0,"0.7130","6.513","89.900","2.8016",24,666,"20.20","393.820","10.29","20.20",464
"0.12329","0.000","10.01",0,"0.5470","5.913","92.900","2.3534",6,432,"17.80","394.950","16.21","18.80",113
"0.06129","20.000","3.33",1,"0.4429","7.645","49.700","5.2119",5,216,"14.90","377.070","3.01","46.00",283
"7.83932","0.000","18.10",0,"0.6550","6.209","65.400","2.9634",24,666,"20.20","396.900","13.22","21.40",465
"0.22212","0.000","10.01",0,"0.5470","6.092","95.400","2.5480",6,432,"17.80","396.900","17.09","18.70",114
"0.01501","90.000","1.21",1,"0.4010","7.923","24.800","5.8850",1,198,"13.60","395.520","3.16","50.00",284
"3.16360","0.000","18.10",0,"0.6550","5.759","48.200","3.0665",24,666,"20.20","334.400","14.13","19.90",466
"0.14231","0.000","10.01",0,"0.5470","6.254","84.200","2.2565",6,432,"17.80","388.740","10.45","18.50",115
"0.00906","90.000","2.97",0,"0.4000","7.088","20.800","7.3073",1,285,"15.30","394.720","7.85","32.20",285
"3.77498","0.000","18.10",0,"0.6550","5.952","84.700","2.8715",24,666,"20.20","22.010","17.15","19.00",467
"0.17134","0.000","10.01",0,"0.5470","5.928","88.200","2.4631",6,432,"17.80","344.910","15.76","18.30",116
"0.01096","55.000","2.25",0,"0.3890","6.453","31.900","7.3073",1,300,"15.30","394.720","8.23","22.00",286
"4.42228","0.000","18.10",0,"0.5840","6.003","94.500","2.5403",24,666,"20.20","331.290","21.32","19.10",468
"0.13158","0.000","10.01",0,"0.5470","6.176","72.500","2.7301",6,432,"17.80","393.300","12.04","21.20",117
"0.01965","80.000","1.76",0,"0.3850","6.230","31.500","9.0892",1,241,"18.20","341.600","12.93","20.10",287
"15.57570","0.000","18.10",0,"0.5800","5.926","71.000","2.9084",24,666,"20.20","368.740","18.13","19.10",469
"0.15098","0.000","10.01",0,"0.5470","6.021","82.600","2.7474",6,432,"17.80","394.510","10.30","19.20",118
"0.03871","52.500","5.32",0,"0.4050","6.209","31.300","7.3172",6,293,"16.60","396.900","7.14","23.20",288
"13.07510","0.000","18.10",0,"0.5800","5.713","56.700","2.8237",24,666,"20.20","396.900","14.76","20.10",470
"0.13058","0.000","10.01",0,"0.5470","5.872","73.100","2.4775",6,432,"17.80","338.630","15.37","20.40",119
"0.04590","52.500","5.32",0,"0.4050","6.315","45.600","7.3172",6,293,"16.60","396.900","7.60","22.30",289
"4.34879","0.000","18.10",0,"0.5800","6.167","84.000","3.0334",24,666,"20.20","396.900","16.29","19.90",471
"0.14476","0.000","10.01",0,"0.5470","5.731","65.200","2.7592",6,432,"17.80","391.500","13.61","19.30",120
"0.04297","52.500","5.32",0,"0.4050","6.565","22.900","7.3172",6,293,"16.60","371.720","9.51","24.80",290
"4.03841","0.000","18.10",0,"0.5320","6.229","90.700","3.0993",24,666,"20.20","395.330","12.87","19.60",472
"0.06899","0.000","25.65",0,"0.5810","5.870","69.700","2.2577",2,188,"19.10","389.150","14.37","22.00",121
"0.03502","80.000","4.95",0,"0.4110","6.861","27.900","5.1167",4,245,"19.20","396.900","3.33","28.50",291
"3.56868","0.000","18.10",0,"0.5800","6.437","75.000","2.8965",24,666,"20.20","393.370","14.36","23.20",473
"0.07165","0.000","25.65",0,"0.5810","6.004","84.100","2.1974",2,188,"19.10","377.670","14.27","20.30",122
"0.07886","80.000","4.95",0,"0.4110","7.148","27.700","5.1167",4,245,"19.20","396.900","3.56","37.30",292
"4.64689","0.000","18.10",0,"0.6140","6.980","67.600","2.5329",24,666,"20.20","374.680","11.66","29.80",474
"0.09299","0.000","25.65",0,"0.5810","5.961","92.900","2.0869",2,188,"19.10","378.090","17.93","20.50",123
"0.03615","80.000","4.95",0,"0.4110","6.630","23.400","5.1167",4,245,"19.20","396.900","4.70","27.90",293
"8.05579","0.000","18.10",0,"0.5840","5.427","95.400","2.4298",24,666,"20.20","352.580","18.14","13.80",475
"0.15038","0.000","25.65",0,"0.5810","5.856","97.000","1.9444",2,188,"19.10","370.310","25.41","17.30",124
"0.08265","0.000","13.92",0,"0.4370","6.127","18.400","5.5027",4,289,"16.00","396.900","8.58","23.90",294
"6.39312","0.000","18.10",0,"0.5840","6.162","97.400","2.2060",24,666,"20.20","302.760","24.10","13.30",476
"0.09849","0.000","25.65",0,"0.5810","5.879","95.800","2.0063",2,188,"19.10","379.380","17.58","18.80",125
"0.08199","0.000","13.92",0,"0.4370","6.009","42.300","5.5027",4,289,"16.00","396.900","10.40","21.70",295
"4.87141","0.000","18.10",0,"0.6140","6.484","93.600","2.3053",24,666,"20.20","396.210","18.68","16.70",477
"0.16902","0.000","25.65",0,"0.5810","5.986","88.400","1.9929",2,188,"19.10","385.020","14.81","21.40",126
"0.12932","0.000","13.92",0,"0.4370","6.678","31.100","5.9604",4,289,"16.00","396.900","6.27","28.60",296
"15.02340","0.000","18.10",0,"0.6140","5.304","97.300","2.1007",24,666,"20.20","349.480","24.91","12.00",478
"0.38735","0.000","25.65",0,"0.5810","5.613","95.600","1.7572",2,188,"19.10","359.290","27.26","15.70",127
"0.05372","0.000","13.92",0,"0.4370","6.549","51.000","5.9604",4,289,"16.00","392.850","7.39","27.10",297
"10.23300","0.000","18.10",0,"0.6140","6.185","96.700","2.1705",24,666,"20.20","379.700","18.03","14.60",479
"0.25915","0.000","21.89",0,"0.6240","5.693","96.000","1.7883",4,437,"21.20","392.110","17.19","16.20",128
"0.14103","0.000","13.92",0,"0.4370","5.790","58.000","6.3200",4,289,"16.00","396.900","15.84","20.30",298
"14.33370","0.000","18.10",0,"0.6140","6.229","88.000","1.9512",24,666,"20.20","383.320","13.11","21.40",480
"0.32543","0.000","21.89",0,"0.6240","6.431","98.800","1.8125",4,437,"21.20","396.900","15.39","18.00",129
"5.82401","0.000","18.10",0,"0.5320","6.242","64.700","3.4242",24,666,"20.20","396.900","10.74","23.00",481
"0.06466","70.000","2.24",0,"0.4000","6.345","20.100","7.8278",5,358,"14.80","368.240","4.97","22.50",299
"0.88125","0.000","21.89",0,"0.6240","5.637","94.700","1.9799",4,437,"21.20","396.900","18.34","14.30",130
"5.70818","0.000","18.10",0,"0.5320","6.750","74.900","3.3317",24,666,"20.20","393.070","7.74","23.70",482
"0.05561","70.000","2.24",0,"0.4000","7.041","10.000","7.8278",5,358,"14.80","371.580","4.74","29.00",300
"0.34006","0.000","21.89",0,"0.6240","6.458","98.900","2.1185",4,437,"21.20","395.040","12.60","19.20",131
"5.73116","0.000","18.10",0,"0.5320","7.061","77.000","3.4106",24,666,"20.20","395.280","7.01","25.00",483
"0.04417","70.000","2.24",0,"0.4000","6.871","47.400","7.8278",5,358,"14.80","390.860","6.07","24.80",301
"1.19294","0.000","21.89",0,"0.6240","6.326","97.700","2.2710",4,437,"21.20","396.900","12.26","19.60",132
"2.81838","0.000","18.10",0,"0.5320","5.762","40.300","4.0983",24,666,"20.20","392.920","10.42","21.80",484
"0.03537","34.000","6.09",0,"0.4330","6.590","40.400","5.4917",7,329,"16.10","395.750","9.50","22.00",302
"0.59005","0.000","21.89",0,"0.6240","6.372","97.900","2.3274",4,437,"21.20","385.760","11.12","23.00",133
"2.37857","0.000","18.10",0,"0.5830","5.871","41.900","3.7240",24,666,"20.20","370.730","13.34","20.60",485
"0.09266","34.000","6.09",0,"0.4330","6.495","18.400","5.4917",7,329,"16.10","383.610","8.67","26.40",303
"0.32982","0.000","21.89",0,"0.6240","5.822","95.400","2.4699",4,437,"21.20","388.690","15.03","18.40",134
"3.67367","0.000","18.10",0,"0.5830","6.312","51.900","3.9917",24,666,"20.20","388.620","10.58","21.20",486
"0.10000","34.000","6.09",0,"0.4330","6.982","17.700","5.4917",7,329,"16.10","390.430","4.86","33.10",304
"0.97617","0.000","21.89",0,"0.6240","5.757","98.400","2.3460",4,437,"21.20","262.760","17.31","15.60",135
"5.69175","0.000","18.10",0,"0.5830","6.114","79.800","3.5459",24,666,"20.20","392.680","14.98","19.10",487
"0.05515","33.000","2.18",0,"0.4720","7.236","41.100","4.0220",7,222,"18.40","393.680","6.93","36.10",305
"0.55778","0.000","21.89",0,"0.6240","6.335","98.200","2.1107",4,437,"21.20","394.670","16.96","18.10",136
"4.83567","0.000","18.10",0,"0.5830","5.905","53.200","3.1523",24,666,"20.20","388.220","11.45","20.60",488
"0.05479","33.000","2.18",0,"0.4720","6.616","58.100","3.3700",7,222,"18.40","393.360","8.93","28.40",306
"0.32264","0.000","21.89",0,"0.6240","5.942","93.500","1.9669",4,437,"21.20","378.250","16.90","17.40",137
"0.15086","0.000","27.74",0,"0.6090","5.454","92.700","1.8209",4,711,"20.10","395.090","18.06","15.20",489
"0.35233","0.000","21.89",0,"0.6240","6.454","98.400","1.8498",4,437,"21.20","394.080","14.59","17.10",138
"0.07503","33.000","2.18",0,"0.4720","7.420","71.900","3.0992",7,222,"18.40","396.900","6.47","33.40",307
"0.18337","0.000","27.74",0,"0.6090","5.414","98.300","1.7554",4,711,"20.10","344.050","23.97","7.00",490
"0.24980","0.000","21.89",0,"0.6240","5.857","98.200","1.6686",4,437,"21.20","392.040","21.32","13.30",139
"0.04932","33.000","2.18",0,"0.4720","6.849","70.300","3.1827",7,222,"18.40","396.900","7.53","28.20",308
"0.20746","0.000","27.74",0,"0.6090","5.093","98.000","1.8226",4,711,"20.10","318.430","29.68","8.10",491
"0.54452","0.000","21.89",0,"0.6240","6.151","97.900","1.6687",4,437,"21.20","396.900","18.46","17.80",140
"0.49298","0.000","9.90",0,"0.5440","6.635","82.500","3.3175",4,304,"18.40","396.900","4.54","22.80",309
"0.10574","0.000","27.74",0,"0.6090","5.983","98.800","1.8681",4,711,"20.10","390.110","18.07","13.60",492
"0.29090","0.000","21.89",0,"0.6240","6.174","93.600","1.6119",4,437,"21.20","388.080","24.16","14.00",141
"0.34940","0.000","9.90",0,"0.5440","5.972","76.700","3.1025",4,304,"18.40","396.240","9.97","20.30",310
"0.11132","0.000","27.74",0,"0.6090","5.983","83.500","2.1099",4,711,"20.10","396.900","13.35","20.10",493
"2.63548","0.000","9.90",0,"0.5440","4.973","37.800","2.5194",4,304,"18.40","350.450","12.64","16.10",311
"1.62864","0.000","21.89",0,"0.6240","5.019","100.000","1.4394",4,437,"21.20","396.900","34.41","14.40",142
"0.17331","0.000","9.69",0,"0.5850","5.707","54.000","2.3817",6,391,"19.20","396.900","12.01","21.80",494
"0.79041","0.000","9.90",0,"0.5440","6.122","52.800","2.6403",4,304,"18.40","396.900","5.98","22.10",312
"0.27957","0.000","9.69",0,"0.5850","5.926","42.600","2.3817",6,391,"19.20","396.900","13.59","24.50",495
"3.32105","0.000","19.58",1,"0.8710","5.403","100.000","1.3216",5,403,"14.70","396.900","26.82","13.40",143
"0.26169","0.000","9.90",0,"0.5440","6.023","90.400","2.8340",4,304,"18.40","396.300","11.72","19.40",313
"0.17899","0.000","9.69",0,"0.5850","5.670","28.800","2.7986",6,391,"19.20","393.290","17.60","23.10",496
"4.09740","0.000","19.58",0,"0.8710","5.468","100.000","1.4118",5,403,"14.70","396.900","26.42","15.60",144
"0.26938","0.000","9.90",0,"0.5440","6.266","82.800","3.2628",4,304,"18.40","393.390","7.90","21.60",314
"0.28960","0.000","9.69",0,"0.5850","5.390","72.900","2.7986",6,391,"19.20","396.900","21.14","19.70",497
"2.77974","0.000","19.58",0,"0.8710","4.903","97.800","1.3459",5,403,"14.70","396.900","29.29","11.80",145
"0.36920","0.000","9.90",0,"0.5440","6.567","87.300","3.6023",4,304,"18.40","395.690","9.28","23.80",315
"0.26838","0.000","9.69",0,"0.5850","5.794","70.600","2.8927",6,391,"19.20","396.900","14.10","18.30",498
"2.37934","0.000","19.58",0,"0.8710","6.130","100.000","1.4191",5,403,"14.70","172.910","27.80","13.80",146
"0.25356","0.000","9.90",0,"0.5440","5.705","77.700","3.9450",4,304,"18.40","396.420","11.50","16.20",316
"0.23912","0.000","9.69",0,"0.5850","6.019","65.300","2.4091",6,391,"19.20","396.900","12.92","21.20",499
"2.15505","0.000","19.58",0,"0.8710","5.628","100.000","1.5166",5,403,"14.70","169.270","16.65","15.60",147
"0.31827","0.000","9.90",0,"0.5440","5.914","83.200","3.9986",4,304,"18.40","390.700","18.33","17.80",317
"0.17783","0.000","9.69",0,"0.5850","5.569","73.500","2.3999",6,391,"19.20","395.770","15.10","17.50",500
"2.36862","0.000","19.58",0,"0.8710","4.926","95.700","1.4608",5,403,"14.70","391.710","29.53","14.60",148
"0.24522","0.000","9.90",0,"0.5440","5.782","71.700","4.0317",4,304,"18.40","396.900","15.94","19.80",318
"2.33099","0.000","19.58",0,"0.8710","5.186","93.800","1.5296",5,403,"14.70","356.990","28.32","17.80",149
"0.22438","0.000","9.69",0,"0.5850","6.027","79.700","2.4982",6,391,"19.20","396.900","14.33","16.80",501
"0.40202","0.000","9.90",0,"0.5440","6.382","67.200","3.5325",4,304,"18.40","395.210","10.36","23.10",319
"2.73397","0.000","19.58",0,"0.8710","5.597","94.900","1.5257",5,403,"14.70","351.850","21.45","15.40",150
"0.06263","0.000","11.93",0,"0.5730","6.593","69.100","2.4786",1,273,"21.00","391.990","9.67","22.40",502
"0.47547","0.000","9.90",0,"0.5440","6.113","58.800","4.0019",4,304,"18.40","396.230","12.73","21.00",320
"1.65660","0.000","19.58",0,"0.8710","6.122","97.300","1.6180",5,403,"14.70","372.800","14.10","21.50",151
"0.04527","0.000","11.93",0,"0.5730","6.120","76.700","2.2875",1,273,"21.00","396.900","9.08","20.60",503
"0.16760","0.000","7.38",0,"0.4930","6.426","52.300","4.5404",5,287,"19.60","396.900","7.20","23.80",321
"1.49632","0.000","19.58",0,"0.8710","5.404","100.000","1.5916",5,403,"14.70","341.600","13.28","19.60",152
"0.06076","0.000","11.93",0,"0.5730","6.976","91.000","2.1675",1,273,"21.00","396.900","5.64","23.90",504
"0.18159","0.000","7.38",0,"0.4930","6.376","54.300","4.5404",5,287,"19.60","396.900","6.87","23.10",322
"0.10959","0.000","11.93",0,"0.5730","6.794","89.300","2.3889",1,273,"21.00","393.450","6.48","22.00",505
"1.12658","0.000","19.58",1,"0.8710","5.012","88.000","1.6102",5,403,"14.70","343.280","12.12","15.30",153
"0.35114","0.000","7.38",0,"0.4930","6.041","49.900","4.7211",5,287,"19.60","396.900","7.70","20.40",323
"0.04741","0.000","11.93",0,"0.5730","6.030","80.800","2.5050",1,273,"21.00","396.900","7.88","11.90",506
"2.14918","0.000","19.58",0,"0.8710","5.709","98.500","1.6232",5,403,"14.70","261.950","15.79","19.40",154
"0.28392","0.000","7.38",0,"0.4930","5.708","74.300","4.7211",5,287,"19.60","391.130","11.74","18.50",324
"1.41385","0.000","19.58",1,"0.8710","6.129","96.000","1.7494",5,403,"14.70","321.020","15.12","17.00",155
"0.34109","0.000","7.38",0,"0.4930","6.415","40.100","4.7211",5,287,"19.60","396.900","6.12","25.00",325
"3.53501","0.000","19.58",1,"0.8710","6.152","82.600","1.7455",5,403,"14.70","88.010","15.02","15.60",156
"0.19186","0.000","7.38",0,"0.4930","6.431","14.700","5.4159",5,287,"19.60","393.680","5.08","24.60",326
"2.44668","0.000","19.58",0,"0.8710","5.272","94.000","1.7364",5,403,"14.70","88.630","16.14","13.10",157
"0.30347","0.000","7.38",0,"0.4930","6.312","28.900","5.4159",5,287,"19.60","396.900","6.15","23.00",327
"1.22358","0.000","19.58",0,"0.6050","6.943","97.400","1.8773",5,403,"14.70","363.430","4.59","41.30",158
"0.24103","0.000","7.38",0,"0.4930","6.083","43.700","5.4159",5,287,"19.60","396.900","12.79","22.20",328
"1.34284","0.000","19.58",0,"0.6050","6.066","100.000","1.7573",5,403,"14.70","353.890","6.43","24.30",159
"0.06617","0.000","3.24",0,"0.4600","5.868","25.800","5.2146",4,430,"16.90","382.440","9.97","19.30",329
"1.42502","0.000","19.58",0,"0.8710","6.510","100.000","1.7659",5,403,"14.70","364.310","7.39","23.30",160
"0.06724","0.000","3.24",0,"0.4600","6.333","17.200","5.2146",4,430,"16.90","375.210","7.34","22.60",330
"1.27346","0.000","19.58",1,"0.6050","6.250","92.600","1.7984",5,403,"14.70","338.920","5.50","27.00",161
"0.04544","0.000","3.24",0,"0.4600","6.144","32.200","5.8736",4,430,"16.90","368.570","9.09","19.80",331
"0.05023","35.000","6.06",0,"0.4379","5.706","28.400","6.6407",1,304,"16.90","394.020","12.43","17.10",332
"1.46336","0.000","19.58",0,"0.6050","7.489","90.800","1.9709",5,403,"14.70","374.430","1.73","50.00",162
"0.03466","35.000","6.06",0,"0.4379","6.031","23.300","6.6407",1,304,"16.90","362.250","7.83","19.40",333
"1.83377","0.000","19.58",1,"0.6050","7.802","98.200","2.0407",5,403,"14.70","389.610","1.92","50.00",163
"0.05083","0.000","5.19",0,"0.5150","6.316","38.100","6.4584",5,224,"20.20","389.710","5.68","22.20",334
"1.51902","0.000","19.58",1,"0.6050","8.375","93.900","2.1620",5,403,"14.70","388.450","3.32","50.00",164
"0.03738","0.000","5.19",0,"0.5150","6.310","38.500","6.4584",5,224,"20.20","389.400","6.75","20.70",335
"2.24236","0.000","19.58",0,"0.6050","5.854","91.800","2.4220",5,403,"14.70","395.110","11.64","22.70",165
"0.03961","0.000","5.19",0,"0.5150","6.037","34.500","5.9853",5,224,"20.20","396.900","8.01","21.10",336
"2.92400","0.000","19.58",0,"0.6050","6.101","93.000","2.2834",5,403,"14.70","240.160","9.81","25.00",166
"0.03427","0.000","5.19",0,"0.5150","5.869","46.300","5.2311",5,224,"20.20","396.900","9.80","19.50",337
"2.01019","0.000","19.58",0,"0.6050","7.929","96.200","2.0459",5,403,"14.70","369.300","3.70","50.00",167
"0.03041","0.000","5.19",0,"0.5150","5.895","59.600","5.6150",5,224,"20.20","394.810","10.56","18.50",338
"1.80028","0.000","19.58",0,"0.6050","5.877","79.200","2.4259",5,403,"14.70","227.610","12.14","23.80",168
"2.30040","0.000","19.58",0,"0.6050","6.319","96.100","2.1000",5,403,"14.70","297.090","11.10","23.80",169
