ID,X,Y
0,0.07394348,2.331534248
1,1.820689442,1.346007056
2,-1.957031098,2.11287196
3,2.002115764,1.094875088
4,2.33529639,1.599976881
5,1.999111327,1.769435019
6,-0.314729029,2.176090485
7,-2.612048258,1.274865985
8,0.768200926,2.296674007
9,2.015170413,1.641377453
10,-1.278910971,1.797639406
11,-0.273708747,2.047136081
12,-1.76174609,1.575521316
13,-0.651341488,2.585556898
14,0.994546596,2.599120273
15,-2.085055881,1.892737607
16,2.753623098,1.155393373
17,-1.406574957,2.600089785
18,1.143422616,2.021994206
19,1.585420052,1.756639365
20,0.378691237,2.224694986
21,-1.843986737,1.259196313
22,0.71808149,2.132767544
23,1.800305628,1.612297984
24,0.946117917,2.81113033
25,-2.471291128,1.170516213
26,-0.301386537,2.303489133
27,1.378956791,2.198924563
28,-0.195806722,2.065257863
29,-1.723931129,1.218320943
30,2.390845622,1.112018768
31,0.327224045,2.258478133
32,-1.15800031,1.692534147
33,-1.366057755,1.959464673
34,-2.506857358,1.243709655
35,0.595213363,2.567751448
36,-0.751545821,2.290802677
37,-0.294672265,2.574940967
38,-0.490197449,2.58096683
39,0.077503572,2.416177677
40,2.457115917,1.243623689
41,-1.158843586,1.744690848
42,0.219470095,2.064283882
43,1.933754394,1.755686646
44,-2.25147812,1.482080951
45,1.48712757,1.344231734
46,-0.446389413,2.325557719
47,-0.421696251,2.462676816
48,1.455495723,1.903855085
49,-0.561188518,2.321328936
50,-0.696354623,2.797846945
51,0.9870095,2.523497738
52,-1.633290511,1.810871745
53,1.16662091,2.623916681
54,-0.866596334,2.19114816
55,-1.189652479,1.72500032
56,-0.269297952,2.52972795
57,0.014838484,2.733048661
58,-0.116877195,2.527105685
59,0.57548275,2.610331372
60,-0.601406986,2.478088707
61,1.785435863,1.464758707
62,-1.274017659,1.792006572
63,-1.810803879,1.303690195
64,-1.082462888,2.517425739
65,1.697803588,2.430503738
66,-0.463869076,1.947482897
67,-1.035388554,2.280854478
68,-2.302006069,1.384515318
69,-2.648989178,1.13780861
70,1.48453523,1.750578639
71,1.135184807,2.580153391
72,-0.498971544,1.985026333
73,-1.253660673,2.503911508
74,-0.140321127,2.339019641
75,2.068923578,1.60000554
76,0.500514964,2.287905246
77,0.130507328,2.845285445
78,-1.141978344,2.355383547
79,-1.073019634,2.476718143
80,-1.824303926,2.215653174
81,2.125898185,1.750209363
82,-2.764890927,1.118234808
83,2.504871872,1.634759718
84,-1.960058743,1.451771441
85,-1.885367643,1.081266997
86,1.948220778,1.876671129
87,0.409136268,2.210654228
88,0.13208583,2.005056557
89,-0.291407033,2.096069299
90,0.236983669,2.268978512
91,0.287771866,2.931513188
92,-2.35301188,1.758599707
93,-1.069124751,2.511684643
94,-1.782069451,1.240666403
95,0.44566956,2.353629606
96,1.376893393,2.010773037
97,0.522790442,2.71219434
98,0.947070555,1.992949367
99,-0.890701699,2.572242988
100,1.713322001,2.399639721
101,-0.629832744,2.268479468
102,-0.524355222,2.190988123
103,-1.733632249,1.038003793
104,-1.589767794,1.5616126
105,-0.733078945,2.835525492
106,-1.993677712,1.193316701
107,-2.256040997,1.767119331
108,1.696772002,1.132210734
109,-0.375729093,2.751625746
110,2.022375119,1.220068762
111,2.45253571,1.276601624
112,0.193772515,2.775522098
113,2.650711161,1.18344132
114,-1.781201065,1.759751295
115,1.539059508,2.360825384
116,-1.748727629,1.416606307
117,2.015127672,1.815885101
118,0.028995816,2.911284778
119,2.062817584,2.006323014
120,-1.906212014,1.96775084
121,2.256959489,1.695720746
122,-0.703334954,2.111297037
123,0.906849804,2.09871565
124,2.269991096,1.248785306
125,-1.190621675,2.535901559
126,-2.331031068,1.081974277
127,-0.326105347,2.005961059
128,1.976225884,1.545039462
129,-0.897612512,2.42564858
130,-0.059045449,2.360268418
131,-1.698855086,2.455403686
132,-1.794912272,1.799804118
133,1.223633979,1.751404794
134,0.839529513,1.826383795
135,0.23838224,2.086349811
136,1.313151977,1.704643404
137,-1.076691909,1.901490088
138,2.521923354,1.370996056
139,2.405738546,1.514226646
140,-1.977568846,1.917155225
141,2.206935315,1.882028531
142,-2.824202605,1.006411431
143,1.548131439,2.441786688
144,0.660649836,2.003714661
145,-2.457592458,1.376774282
146,-1.052145956,2.354230867
147,1.278451413,2.128710217
148,-2.488747149,1.322627179
149,-1.213345195,1.733295261
150,1.758912826,1.210579407
151,-1.175115538,2.108925623
152,0.009098173,2.590936453
153,0.422753468,2.426249648
154,2.068743623,1.943197762
155,1.676438322,1.978947862
156,2.00261046,1.680409732
157,-1.567069628,1.512198516
158,-1.712831222,1.63225123
159,2.72068901,1.044214374
160,2.280780746,1.13430089
161,-0.973166775,2.156357676
162,0.326459704,2.589055028
163,0.995245816,2.021269455
164,1.510231789,1.895563994
165,-1.32233965,2.056727869
166,1.660423031,2.083698829
167,-2.145924538,1.639764696
168,-1.597642659,1.466369792
169,-0.169029775,2.310925717
170,0.848421268,1.838185764
171,-1.622858772,1.550233593
172,2.422480761,1.237122707
173,-1.655981234,2.265620818
174,-2.330486655,1.33951477
175,1.776373342,1.962356009
176,2.254555339,1.005926651
177,-0.750024115,2.451129329
178,0.255549367,2.855068895
179,0.991914911,2.376327686
180,-1.846121335,1.226634176
181,2.43274754,1.707711568
182,-1.690417007,2.199280891
183,1.63930285,2.063731915
184,-1.974564709,1.849848206
185,-0.866743027,2.563675818
186,2.018267021,2.181546015
187,-1.491407262,1.707076642
188,2.412525927,1.173799638
189,-0.136407647,2.772336808
190,2.002458866,1.056468897
191,-0.772993616,2.343813053
192,-0.579216887,2.682864137
193,2.423827573,1.530085924
194,-1.518039786,2.140498831
195,-0.44633835,2.640824961
196,0.014816364,2.300659699
197,-2.457857402,1.714906809
198,-0.85119853,1.970756308
199,-0.766415724,2.018170656
200,0.414824204,2.485652053
201,1.68286569,2.172905966
202,1.758727723,1.484593398
203,1.711748541,1.215237046
204,-1.646553478,1.261439976
205,-2.581610368,1.327643001
206,-0.309190415,1.98048102
207,1.685106539,2.060679747
208,-0.352906781,2.007666475
209,-1.03897887,2.495305643
210,-0.484736384,2.820305703
211,-2.119107526,2.1022732
212,-0.34428464,2.482055798
213,-0.814582583,2.152249129
214,-0.28318539,2.475253127
215,1.981967794,1.215530796
216,-0.300229899,2.794608388
217,-1.197186304,1.677418907
218,0.33201657,2.128874839
219,-1.36729617,1.478649921
220,-0.414358859,2.454386346
221,-2.044753041,1.296902125
222,1.663352086,2.163198853
223,2.575042784,1.356877332
224,-0.124242139,2.660116787
225,-1.983102364,2.22478754
226,-0.408472049,2.782549461
227,-0.712381294,1.967466038
228,0.33856186,2.785400422
229,-0.805296979,2.517068291
230,1.578017159,2.525459668
231,-1.323212001,1.66344242
232,-0.709421421,2.214180642
233,-0.403631087,2.790983817
234,-2.58617306,1.419216162
235,2.356807969,1.25434919
236,-1.268611775,1.72112362
237,-2.33309254,1.55935868
238,-2.007959574,1.293493297
239,2.270712248,1.472945822
240,-1.859962955,2.166375102
241,-1.733394542,1.638779584
242,-1.977344909,1.424163345
243,-2.431537963,1.6969481
244,0.863600929,2.827965605
245,-1.472154948,1.510520556
246,-1.999072952,1.166940021
247,-2.21779328,1.962122795
248,-1.285098922,2.209780073
249,-2.700060175,1.024611328
250,1.858077228,1.779362251
251,-2.314840253,1.613037807
252,-1.641632518,2.207288665
253,0.371749104,2.186155758
254,-1.242771592,2.050542101
255,1.94643123,1.056771468
256,-2.12099992,1.773408388
257,-0.089953951,2.477300907
258,-1.542769611,1.452557577
259,-1.683653748,1.624958143
260,-2.435311219,1.052405067
261,-2.129603172,1.96041376
262,1.668103894,1.39926669
263,-1.693537585,1.551339247
264,-1.885318859,1.122908605
265,1.772205433,1.502801651
266,2.477318019,1.478198534
267,1.45517162,1.757672378
268,1.149369694,2.316359573
269,-2.374830305,1.290527126
270,-1.053553623,2.32694973
271,-1.161997482,2.615060583
272,2.00238053,1.769471699
273,0.784131521,2.404850576
274,-1.010110882,2.062275643
275,-0.007360792,2.355550143
276,-0.459531952,2.210122924
277,2.069558863,1.824532609
278,-0.854928174,2.474673971
279,-0.888489907,2.60177746
280,-1.106161139,2.24710058
281,0.483149711,2.170318262
282,-2.345516119,1.010890132
283,1.949279305,1.112582335
284,-0.18221401,2.815199826
285,0.864056585,2.534356178
286,-2.074892985,1.006224638
287,1.223447718,2.438466438
288,1.391727234,1.586760663
289,1.617740342,2.378287681
290,2.103877255,1.963719405
291,-1.959201654,1.630257031
292,2.297467763,1.240493397
293,-1.334590421,2.229199404
294,0.034311158,2.648437861
295,1.455294665,1.650472053
296,0.696998119,2.601788761
297,-0.196272012,2.06166099
298,-1.554139062,1.524357061
299,0.941459698,2.159732569
300,0.272560095,2.243969708
301,0.019985416,2.602980537
302,-1.38928811,1.442663108
303,2.105134238,2.026090445
304,2.33834108,1.397051977
305,1.304018703,1.640989143
306,0.451604952,2.399621679
307,-1.126461183,1.708632506
308,1.269022051,1.570498812
309,-1.918922802,1.592153747
310,-1.014230133,2.017492317
311,0.130515454,2.465535305
312,1.89147241,2.0355046
313,0.140668571,2.656364979
314,2.436461482,1.243089974
315,-1.105967244,1.968941986
316,-1.969537316,2.244766434
317,1.595955013,2.037451856
318,-0.616274343,2.637288215
319,-1.898725691,1.219453931
320,-1.993017379,1.286704756
321,1.22882681,1.912116828
322,-0.451687246,2.584981762
323,0.464822349,2.535680616
324,1.274058597,1.693425087
325,2.712336648,1.082731527
326,1.808048672,1.610044926
327,-0.703258617,2.730515978
328,2.043589988,1.519036315
329,0.055015097,2.626870934
330,-1.157723424,1.915808461
331,-1.521301438,2.366322629
332,-2.531026479,1.476164435
333,-0.578861957,2.004479059
334,-0.40554355,2.539448195
335,-0.335592631,2.398976496
336,-1.886648673,1.851375437
337,2.243249293,1.516674663
338,-0.519823025,2.950407006
339,-1.476613684,2.270234635
340,-1.011842264,1.801445277
341,-1.529057471,1.753240876
342,0.849685741,2.634028144
343,-0.419321595,2.130021362
344,-1.986065798,1.596760211
345,-0.872501831,2.690731038
346,-0.498177662,2.361225848
347,1.699868171,2.018439851
348,0.181242792,2.927465571
349,1.612218764,1.769492084
350,1.848081288,1.516579678
351,0.078318341,2.495541064
352,-0.029406078,2.881118639
353,1.861645382,2.122142782
354,-1.905424382,1.563872121
355,1.844458602,2.02063585
356,1.454453995,2.472820264
357,-1.27778176,2.326255693
358,1.635456375,1.736527596
359,-1.003683229,1.765813228
360,-0.745493022,2.609252474
361,-1.917211417,2.187693315
362,-0.621952679,2.435701588
363,1.627858,1.440953171
364,-2.218958498,1.118147884
365,2.31815156,1.398411198
366,0.769439797,2.659275831
367,-0.688189765,2.855340125
368,0.090880079,2.092979012
369,0.169221517,2.034990501
370,2.07040192,1.893722722
371,-1.560826769,2.059119072
372,-2.271972384,1.035293652
373,1.343862828,2.639213122
374,1.524280626,2.573420698
375,-1.7076931,1.991902734
376,-0.267275336,2.577865466
377,1.613864457,2.013649133
378,1.203964652,2.159295523
379,-0.76864825,2.376317332
380,0.021515528,2.543699396
381,-1.983971867,1.812796841
382,1.998314545,1.846260992
383,-1.948329885,1.576616839
384,-0.537145219,2.802771565
385,-0.718535398,2.808020587
386,-1.629250753,1.991239383
387,-0.251509863,2.233254143
388,1.600518737,1.235643903
389,-0.261787284,2.592119074
390,-0.949734174,2.544534776
391,-1.306686317,2.152616592
392,-2.266457237,1.42614232
393,1.88019696,1.888937331
394,-0.419868584,2.368743087
395,-2.295611621,1.67021496
396,-0.134027113,2.931484217
397,0.285551111,2.238571664
398,-1.114394172,2.594104668
399,2.383388932,1.042719035
400,-0.403271354,2.357590289
401,2.117016319,1.961611941
402,-1.457398758,1.834417525
403,-0.540879998,2.559626753
404,2.304820256,1.756544177
405,0.859309417,1.95267776
406,1.299299317,2.099897612
407,1.800641706,1.089257048
408,1.11297687,2.323337333
409,-1.821280788,1.590876691
410,1.613188756,2.21964366
411,-0.179078426,2.733233268
412,2.09473143,1.16449378
413,-1.548642855,2.508645004
414,1.428314981,1.993924359
415,0.001161306,2.251236459
416,-0.788226463,2.364785526
417,0.013753764,2.22643957
418,0.368734034,2.291046485
419,-0.60014813,2.310168441
420,1.847112418,1.869428863
421,-1.871168192,1.837349337
422,-0.84781922,2.374086298
423,2.380607242,1.379515586
424,-1.674157029,1.601958459
425,2.226826879,1.048773409
426,-1.404630201,2.134932275
427,-1.289697455,1.546402663
428,-1.130696481,1.89215377
429,-0.413387854,2.880868991
430,-1.692603532,1.256265092
431,1.381707677,1.797708212
432,-0.482783547,2.865848618
433,-0.951914037,1.96532605
434,-1.133957745,1.997309442
435,1.469531222,1.983907011
436,-1.917136338,1.654441968
437,-1.816051166,1.164773354
438,1.929603018,1.164956948
439,-2.192715934,1.12002767
440,-2.505851626,1.331850471
441,-0.774232411,2.478543765
442,-0.506546922,2.009395722
443,2.083850928,1.069944073
444,-1.716870056,1.73388168
445,-1.622682731,2.138371733
446,-0.93273946,2.710228735
447,1.686316489,1.919920635
448,1.661724471,2.015884658
449,2.053785757,1.140052256
450,1.247258228,2.401610207
451,-0.947097164,2.539679152
452,2.521239791,1.605881786
453,-0.466986453,2.021528823
454,-1.57060125,1.859235922
455,-0.767197775,2.853448967
456,0.003847896,2.534681828
457,1.983300965,1.983895319
458,-1.103602882,2.719634919
459,1.326344834,1.87920545
460,0.034958572,2.35651386
461,-1.774670544,2.337395636
462,1.483061205,2.360972541
463,-1.170832179,1.84093084
464,-0.701725903,2.738313533
465,1.898808429,1.709965324
466,-0.999702092,2.798075872
467,1.362036355,1.739737785
468,0.570010873,2.780694043
469,0.491404618,2.432073722
470,0.974248137,2.79228441
471,0.539591393,2.113585978
472,0.739108598,2.855835346
473,1.627914353,1.658497566
474,-1.723087715,2.278973603
475,-1.110066193,2.099348879
476,0.182837161,2.454878965
477,-0.504690705,2.638112305
478,-0.065654941,2.478267139
479,-0.056258077,2.535213283
480,-0.797069874,1.842025521
481,0.85253833,2.30317641
482,2.369413837,1.674466031
483,1.125201457,2.443543223
484,2.011540708,1.85026377
485,-1.742005408,1.685327951
486,-1.012210345,2.330594345
487,-1.568443972,2.239370678
488,1.276885047,1.793442571
489,1.788813429,1.707073817
490,2.331019132,1.544157585
491,0.927976724,1.934435817
492,1.827261996,1.392877799
493,1.155374113,2.074493094
494,2.283533355,1.535649147
495,0.223793048,2.606255598
496,-1.505505151,2.178319879
497,-2.102331206,1.496141497
498,-1.397538224,2.372335472
499,-0.076324002,2.552454235
500,0.273037676,2.656056788
501,-1.928084642,1.324325721
502,-1.833778455,1.030418878
503,1.0080129,2.075496184
504,1.126979835,2.210293791
505,-1.120777489,2.024557603
506,1.635869796,1.493489258
507,1.961281957,2.033763315
508,-0.491395101,2.786838491
509,1.113530922,1.886976352
510,0.149909151,2.600233305
511,-2.307649364,1.675624781
512,-2.177523836,1.040604087
513,1.855482991,1.644950745
514,-1.759718533,1.892483217
515,-1.847759191,2.344607288
516,-1.07205053,2.562031441
517,1.697597641,2.395799599
518,2.248677592,1.676018557
519,-1.188225144,2.643932247
520,-0.651548266,2.142308832
521,-1.598484341,1.582979864
522,0.771102535,2.514864789
523,-1.893724002,1.264606836
524,2.036505169,1.836797645
525,-1.259310518,2.380618794
526,-1.514001267,1.699042506
527,-2.058673207,1.974507972
528,1.244200725,1.584329013
529,-0.376455444,2.722695257
530,1.64810436,2.210850942
531,-1.537733822,2.231711347
532,-2.396681792,1.128105245
533,-0.274116293,2.805155389
534,-2.040514482,1.848562121
535,-0.494516538,2.289245737
536,0.255185141,2.7039833
537,-0.936745457,2.486232876
538,-2.316902808,1.317746874
539,-1.62376123,1.8346579
540,1.125012195,2.059820794
541,1.47584295,1.894765612
542,1.965537612,1.546179445
543,-1.861129558,1.563907724
544,2.590907046,1.482349684
545,-1.25964977,2.11212271
546,0.647972206,2.52722048
547,-1.193205153,2.012821524
548,0.244507189,2.107804838
549,-1.361656582,2.576213124
550,-0.264195867,2.933889503
551,-1.877345372,2.021994009
552,-1.447849796,2.250999169
553,2.543957502,1.178131103
554,-1.106539684,2.555254149
555,0.027778783,2.541716622
556,-1.225535481,2.163464893
557,-0.147220671,2.639151832
558,1.371533493,2.195042706
559,2.51094698,1.363986285
560,-1.253129431,2.351751805
561,-0.761538223,2.111810001
562,1.407452319,2.076891952
563,-1.776578647,1.637570146
564,2.655599339,1.136550778
565,-1.954884768,1.490957245
566,-0.443238121,2.123093329
567,-1.903880112,1.150575131
568,-1.334937449,2.205719356
569,2.007332867,1.610560007
570,-1.686391913,1.74876477
571,-0.577085724,2.818651478
572,-0.69284043,2.225556204
573,1.686082217,2.154532497
574,-2.75976517,1.08982344
575,0.057726965,2.226630094
576,-1.948055909,1.526996777
577,-2.043353657,1.777517052
578,-0.452477762,2.20029914
579,1.142911428,2.531663099
580,1.51706934,2.006514309
581,-1.64187764,1.962787419
582,0.152045913,2.665202574
583,0.881756318,1.908758351
584,0.436736142,2.331937493
585,0.520766207,2.887075603
586,1.74288241,1.116970245
587,-1.371506865,2.32225915
588,1.293978843,2.393934763
589,-1.663164371,1.544270785
590,0.697786833,2.655707505
591,-2.087820931,1.240024911
592,-2.111427289,1.234078703
593,1.408142064,1.448046782
594,-0.355814041,2.912427452
595,1.556642396,1.428978079
596,1.027886027,1.99978045
597,1.766346772,1.431014497
598,2.223141584,1.07024536
599,-0.349228677,2.927069673
600,-1.794207515,1.250475217
601,0.948934813,2.692575312
602,1.878325098,1.358742596
603,0.403223076,2.331186114
604,-2.749575037,1.090274338
605,-1.741436476,1.269395948
606,-0.08839513,2.257774464
607,1.402951156,1.912419015
608,-0.658972819,2.689805589
609,1.477818059,2.286540883
610,-0.191601455,2.077243585
611,-2.708449296,1.216447612
612,-2.220302149,1.442910342
613,-0.38907441,2.717529788
614,0.239051598,2.206747249
615,0.062287622,2.951375187
616,-0.214085609,2.933094314
617,1.307805681,2.277617459
618,-2.101195269,1.1322188
619,2.340487306,1.40995047
620,-1.101268329,1.73945837
621,1.657643858,1.996307319
622,1.640657556,1.421916491
623,2.624903212,1.201541225
624,0.336589779,1.980249093
625,-0.251390919,2.469437444
626,-0.87726632,2.039690602
627,2.207701828,1.589262168
628,-1.357549253,2.461009866
629,-1.492573316,2.027584419
630,0.486084153,2.649707467
631,-0.084935769,2.987111641
632,1.74273411,1.569003046
633,-0.763451107,2.276508676
634,-0.959353417,1.968262105
635,-1.393167751,2.151108572
636,-2.076369925,1.346923607
637,1.669873928,2.354421923
638,-1.728383063,1.143143047
639,0.267023593,2.423969843
640,0.44683542,2.808513286
641,-1.871122813,1.301949035
642,0.594227028,2.619677562
643,0.149338266,2.457018081
644,-1.299768056,1.937960776
645,-0.667934548,2.189232169
646,-0.891758482,2.075727175
647,-0.488177286,1.996127577
648,0.161757811,2.462843973
649,-1.20181256,1.984108271
650,-1.92205721,1.323453657
651,1.004391163,2.290119814
652,-1.682544692,2.131779406
653,-0.075867378,2.969121096
654,-2.021425182,2.017333442
655,1.233194531,1.905642037
656,-0.888002311,2.521876979
657,0.574468299,2.434464046
658,-1.977779697,2.021472334
659,-1.185987923,2.145291761
660,-0.0642759,2.198856738
661,2.205980658,1.527365812
662,-1.864988029,2.187753417
663,-2.081271923,1.714318762
664,-1.48970973,2.392822847
665,1.990147551,1.135175304
666,-0.362527909,2.462268454
667,1.80520148,2.228214082
668,-1.226681058,2.070278637
669,-1.861171418,2.187004938
670,-0.522184911,2.834579848
671,0.311343862,2.848808108
672,1.576166722,1.714398686
673,-0.532381203,1.957681903
674,1.98657982,1.295560178
675,-1.045666654,1.845551851
676,1.626931798,1.231571002
677,-1.63137071,2.002026138
678,-1.527505492,1.797042631
679,1.954515963,1.376800881
680,1.415376267,1.528560972
681,0.009331381,2.372115422
682,-1.585844348,1.576007684
683,1.880783258,1.321855437
684,-1.927510443,1.134271807
685,-0.556587667,2.840376981
686,-1.693237665,1.944011315
687,1.969297841,1.117410812
688,-0.046084214,2.93795922
689,-1.837084593,2.241102859
690,-1.057045987,1.933609678
691,0.243380599,2.118102874
692,-0.898459751,2.217274527
693,-1.8779384,1.976620522
694,-1.984458484,1.751165917
695,-1.073602059,1.693023044
696,0.243041889,2.409461967
697,1.930704909,2.116558293
698,1.537010354,2.049335266
699,0.623596566,2.775346425
700,-0.659443359,2.28938515
701,1.436121822,1.549013816
702,-2.373931891,1.514575748
703,-2.205288105,1.568953603
704,1.47472459,1.720104112
705,-1.12259087,1.965589412
706,0.387903476,2.399334396
707,-1.819069864,2.232232937
708,-1.379203605,2.202028952
709,-1.722179327,1.409017496
710,-2.363799466,1.322584884
711,-1.825877236,1.933582538
712,1.826571225,1.144879554
713,2.351220117,1.630356976
714,-1.133637436,1.757079641
715,1.480671438,1.600719199
716,1.803184936,2.293584965
717,-2.452277918,1.643835702
718,-1.470542062,1.87230134
719,1.616433618,1.594339398
720,-0.365941434,2.600035512
721,-1.583116465,2.227849462
722,0.365278873,2.842169192
723,-2.077268273,1.178853328
724,-0.087689642,2.592130166
725,-1.357138045,1.472680657
726,-0.887189751,2.036256251
727,-0.704981348,1.98398037
728,-1.635068151,1.179333204
729,-2.247838199,1.649313275
730,-2.104125803,1.259682471
731,-1.291708266,2.469874473
732,-2.362701417,1.568265079
733,2.385140225,1.515682102
734,-1.890002944,1.974964627
735,1.238457882,1.992000665
736,-0.946140361,2.810846198
737,-2.608098491,1.101541833
738,-1.996202627,1.850974495
739,1.259257519,2.644293474
740,1.418535891,2.52229362
741,1.376940553,1.629503371
742,1.412062005,1.498608074
743,2.254670689,1.157313573
744,0.600572407,2.853615538
745,1.40486617,1.617727751
746,1.02070789,2.372433737
747,-2.804907323,1.009315403
748,2.698732293,1.110762018
749,-1.857697139,2.081608145
750,-1.445135328,1.580939185
751,1.738221217,1.521896684
752,1.223660002,2.026873458
753,2.205421699,1.289430801
754,-1.85465884,1.878398853
755,-1.383708192,1.84579503
756,-1.841818179,2.10700549
757,-1.820085028,1.601625669
758,0.028393498,2.039482099
759,-1.452127728,1.874473135
760,2.079891019,1.793108523
761,0.444193972,2.523656229
762,0.728819265,2.723087091
763,-1.591970224,1.395834911
764,2.08207657,1.217756823
765,-1.784524914,1.759384564
766,0.651835663,2.649125111
767,-1.424370064,2.110385738
768,-0.412098776,2.419587856
769,1.439494802,2.523523274
770,-1.993468475,2.02691627
771,-1.410689441,2.524287044
772,-2.410573664,1.785028875
773,2.63602545,1.036294679
774,-2.407521645,1.652602435
775,-2.160083464,1.428231881
776,2.175443501,1.911515511
777,-2.316091646,1.460905771
778,-1.933197561,1.78928695
779,-1.475641634,2.009442239
780,-0.230961482,2.571501731
781,1.547553412,2.560309383
782,-1.573280232,2.422268365
783,2.011091696,1.120233573
784,1.974086315,1.178004197
785,-2.341640033,1.442010553
786,-0.685173791,2.03699181
787,-1.112791778,1.770067028
788,1.788686564,1.476759182
789,-2.479928245,1.419480011
790,-1.608909458,1.349672932
791,-2.235410393,1.03140785
792,-1.246392277,2.681695339
793,0.952486437,1.783009959
794,-1.260047458,1.752918756
795,0.02164811,2.010790673
796,-1.067817455,2.262188104
797,0.013810156,2.256524471
798,2.495377388,1.071216171
799,-2.749468069,1.12662364
800,2.278333799,1.44358738
801,-0.569295452,2.738814231
802,1.783494716,1.043462738
803,0.362828939,2.171668891
804,-1.570048967,1.580583488
805,-1.412301798,2.196962501
806,2.040526551,1.370297224
807,-0.575962416,2.723181166
808,-0.493233091,2.183361073
809,0.46656733,1.955279839
810,0.46704927,2.45010873
811,1.8736809,2.281112331
812,-1.940345876,1.045291567
813,0.068032198,2.268776817
814,-0.18663262,0.433437667
815,-0.06388407,0.452603432
816,-0.273152358,-0.277550279
817,0.321196227,0.127654496
818,-0.359751618,0.305077971
819,-0.199859733,-0.379981843
820,0.425851087,0.156107229
821,-0.31463505,0.260006205
822,0.276261291,-0.111681728
823,-0.339997744,-0.144518796
824,-0.154788636,-0.450426256
825,-0.43367872,-0.237206882
826,-0.332451615,0.275758667
827,0.14570217,-0.213949586
828,0.037079254,-0.196974561
829,0.111456293,0.268292535
830,-0.240325273,-0.385746791
831,-0.349135347,0.092602513
832,-0.186794207,0.282985922
833,-0.338431829,0.077040353
834,-0.000453671,0.485284066
835,-0.122583352,-0.405421395
836,-0.428138075,-0.10210894
837,-0.037773376,-0.466487475
838,-0.194351362,-0.15038143
839,0.388778657,-0.272616482
840,0.250854381,0.408177033
841,0.027094303,0.215557246
842,0.15994083,0.229759605
843,0.111491554,-0.279803593
844,-0.230681154,-0.225324222
845,-0.030908896,0.410274994
846,0.226524258,0.167433519
847,-0.443562927,-0.117652095
848,0.115125056,-0.341180437
849,-0.209491819,0.139185509
850,0.410046995,-0.078469953
851,0.382620842,0.008827791
852,-0.12576897,0.464971618
853,0.424424392,0.236926056
854,0.144092827,0.364352591
855,0.039653465,0.209109611
856,0.414848271,0.255133351
857,-0.125162909,0.384481113
858,-0.301749511,0.189306446
859,-0.176261095,0.455876784
860,0.437409949,-0.179099937
861,-0.442282483,-0.035625573
862,-0.318543607,0.296846592
863,0.034859631,-0.357411316
864,0.108903567,0.419413315
865,0.303192574,0.372297576
866,-0.178058053,0.136105707
867,-0.452553402,0.201283046
868,0.339650727,-0.04395611
869,0.170478503,0.207637871
870,0.122988306,0.397888686
871,-0.241378302,0.304014531
872,0.301775516,-0.30638662
873,0.347588017,-0.240976586
874,0.065051122,0.303491855
875,0.177834393,-0.434020972
876,-0.199224449,0.042267834
877,0.290137857,0.286691021
878,0.394902487,-0.032215537
879,-0.165542571,0.139127117
880,-0.193740365,-0.1461816
881,-0.297549364,0.305099972
882,0.066051477,0.260078777
883,0.241316966,0.032800108
884,0.078648224,0.19473929
885,0.48653091,0.003732335
886,0.172041425,-0.420631973
887,-0.336327844,-0.275084771
888,-0.237122158,-0.242646583
889,-0.189497975,0.296047491
890,0.378472422,-0.022922025
891,0.077868507,0.18621292
892,0.261191275,-0.011294986
893,0.081398926,-0.37025287
894,0.198258035,0.307379672
895,-0.290347149,0.113594564
896,-0.01117079,0.395484907
897,0.16575398,-0.445270973
898,-0.176180261,-0.424462826
899,-0.258054669,-0.393401944
900,0.420583574,0.160602842
901,-0.40551763,-0.05840487
902,-0.452038187,-0.012680215
903,-0.327405378,-0.292552747
904,-0.203757092,0.029627778
905,-0.221615587,-0.441622157
906,0.233319105,0.308493974
907,-0.147887336,0.176374024
908,0.340862021,-0.124746966
909,-0.301356715,0.005100132
910,0.336747751,-0.288716197
911,0.023601252,0.493279148
912,0.493016851,-0.079962332
913,-0.263862352,-0.114730087
914,-0.160375537,-0.177133365
915,-0.076046457,-0.397483488
916,-0.125396566,0.203117345
917,-0.453597367,-0.026155122
918,-0.228770048,0.029274387
919,-0.152230297,-0.434378836
920,-0.063233115,0.421690001
921,-0.117999969,-0.170752812
922,-0.190357361,0.320153372
923,0.198511224,0.084000026
924,0.010886947,-0.306121527
925,-0.21596856,0.414223604
926,-0.284736686,0.212118035
927,-0.189932623,0.117477182
928,-0.351449666,0.020360993
929,0.283724199,0.073101285
930,0.352847556,-0.135190607
931,-0.182446977,0.151146079
932,-0.15361966,0.135121612
933,-0.075203407,0.296546382
934,0.219495429,-0.237468188
935,0.264007364,-0.416668694
936,0.339879036,-0.138607734
937,0.208536451,0.240595206
938,0.327884624,-0.232497925
939,0.202075517,-0.418767678
940,0.013185474,-0.439877054
941,-0.299923801,0.279193783
942,-0.46751769,0.144666571
943,-0.280320565,0.131770125
944,-0.398746714,-0.239878701
945,-0.363858938,-0.227890916
946,0.171339346,-0.358122364
947,0.455764799,0.15348062
948,-0.204751958,-0.097382388
949,0.377828816,0.226490482
950,-0.439691616,0.088845773
951,-0.259717254,0.010273358
952,-0.159005006,-0.23157392
953,-0.036691918,-0.30084774
954,0.299311272,-0.257438631
955,0.401971097,-0.118144666
956,-0.363775808,0.197255519
957,-0.317868711,0.053851805
958,-0.406510774,-0.179197141
959,0.338920199,-0.313234941
960,0.267633971,-0.407264518
961,0.08761722,-0.333617004
962,-0.131506373,0.452865061
963,-0.152832518,0.306616089
964,-0.20885636,-0.114544526
965,-0.106167388,0.391964558
966,-0.413180364,0.276459773
967,0.082909118,0.416891615
968,0.048140422,-0.353260446
969,0.364816493,0.058809016
970,-0.245027617,-0.172551385
971,-0.460577844,-0.177062133
972,0.282584205,0.373958853
973,0.422486985,0.122163396
974,-0.368131703,0.204043772
975,-0.038731798,0.36020273
976,0.315282472,0.094366605
977,-0.400320278,0.100373205
978,-0.25853502,-0.081460039
979,-0.087297451,-0.346992711
980,0.306471572,-0.180605776
981,-0.123718885,0.235036172
982,-0.215825024,-0.007513727
983,-0.265027362,-0.164967342
984,0.349384608,0.218512551
985,-0.400928611,-0.203683079
986,0.292172831,0.285124436
987,0.39299707,-0.29848313
988,-0.440928035,-0.002331665
989,-0.247088839,0.272724311
990,-0.244934255,0.304826619
991,-0.135163223,-0.366098665
992,-0.142326094,-0.193573213
993,-0.214356943,0.287117752
994,0.233316378,-0.001794313
995,0.450330384,0.154184567
996,-0.292668445,0.281753086
997,0.237118586,0.432798849
998,-0.450354201,-0.124908959
999,0.168143943,-0.119739474
1000,-0.052172811,0.487210178
1001,-0.338634442,0.229283858
1002,-0.116650505,0.205058986
1003,-0.016683058,-0.349855906
1004,0.462163683,0.022763758
1005,-0.164287906,-0.116906173
1006,0.328605285,0.195305678
1007,0.260100146,-0.339181702
1008,-0.344258195,-0.323675126
1009,0.271490858,-0.038811784
1010,-0.068360371,0.227611838
1011,-0.244211894,0.235294169
1012,0.266381773,-0.179123596
1013,0.149254796,-0.235638878
1014,-0.10541439,0.26039688
1015,0.237825583,0.037827659
1016,-0.069632181,0.417523216
1017,0.110729339,0.301714568
1018,0.102969372,0.361625089
1019,-0.132303308,0.361973637
1020,0.343339245,0.023584432
1021,-0.252713711,0.415478244
1022,-0.274839381,-0.121747577
1023,0.322632407,-0.245809438
1024,0.153623601,0.168579271
1025,-0.298538919,0.224823876
1026,0.350582996,0.172297187
1027,-0.450332533,0.21096148
1028,0.102643015,-0.380864818
1029,-0.188993716,0.241068166
1030,0.432922973,-0.138602931
1031,-0.220763449,0.173889896
1032,-0.167083866,-0.343353378
1033,-0.334486941,0.18823439
1034,0.109510563,0.443630493
1035,0.232996016,-0.386910629
1036,0.064882144,0.288807631
1037,0.331526348,-0.016330415
1038,0.23027933,0.398324905
1039,0.381003258,-0.201567356
1040,0.38834817,-0.284446729
1041,0.155142293,-0.18247591
1042,-0.147072057,-0.198023847
1043,0.005646326,0.27913238
1044,0.399929298,-0.0889367
1045,-0.275252323,-0.382164506
1046,0.292339116,-0.251292298
1047,0.244137773,-0.128163746
1048,-0.287350414,-0.112255492
1049,-0.05596724,-0.209916122
1050,0.310569396,0.340499228
1051,0.097299234,-0.461936721
1052,0.454801324,0.024486806
1053,0.290527802,-0.258166106
1054,0.350426151,-0.034980531
1055,0.003394201,0.341232565
1056,-0.030538368,-0.320978911
1057,0.303396894,0.17548018
1058,0.162803464,0.16521213
1059,-0.054861214,0.293377836
1060,-0.165185965,-0.34748791
1061,-0.46037266,0.103947873
1062,0.369530886,0.15319174
1063,0.219587899,0.440840262
1064,-0.192773082,-0.239365206
1065,-0.249765274,0.192648556
1066,0.05112162,0.257379082
1067,0.438872949,-0.054110037
1068,-0.167275455,0.267696364
1069,-0.329991093,-0.110743791
1070,-0.101171598,0.408678563
1071,0.183317804,-0.11163982
1072,0.448448305,0.181675978
1073,0.399629997,-0.098028465
1074,0.262616779,-0.269250895
1075,-0.082465565,0.374794909
1076,0.394253052,-0.200839512
1077,0.245181798,0.185127851
1078,-0.293964932,-0.317628114
1079,-0.344755316,-0.169334099
1080,0.267644963,-0.171253916
1081,0.274862738,-0.012677913
1082,-0.227617731,-0.316323378
1083,0.256754567,-0.42086277
1084,-0.037215332,0.343483348
1085,-0.370401715,-0.318937137
1086,-0.207850197,-0.026908038
1087,-0.258423653,0.307312172
1088,-0.138013055,0.408768011
1089,0.156345051,-0.330454033
1090,0.209085237,-0.193562374
1091,0.10483523,0.417231565
1092,0.25615669,0.390809751
1093,0.298799766,-0.319198367
1094,0.408022493,0.280286815
1095,-0.36518749,-0.133037121
1096,0.208750894,-0.006900947
1097,-0.407900024,-0.024108468
1098,0.290420922,0.269611533
1099,-0.36148898,-0.153211757
1100,-0.255275668,0.173040293
1101,-0.065663838,0.495354975
1102,0.351506584,-0.072602098
1103,-0.122319827,-0.327278034
1104,-0.35515995,-0.168340252
1105,-0.476989087,-0.021979382
1106,-0.329835463,0.330022239
1107,-0.242373271,-0.069339405
1108,-0.120276815,0.345015087
1109,0.039515843,0.490688448
1110,0.087590879,-0.32531314
1111,0.20456879,-0.199450748
1112,-0.036242583,-0.378534953
1113,-0.127204284,0.284451973
1114,0.434052649,-0.060244137
1115,-0.284348992,0.3603229
1116,0.226836871,-0.158928809
1117,0.203877083,-0.248836229
1118,-0.185797895,-0.090842051
1119,0.255986984,-0.340055099
1120,-0.290659199,-0.385246174
1121,0.360572416,-0.333936455
1122,-0.058465403,-0.361824158
1123,0.152702738,0.38008517
1124,0.322979931,-0.04124378
1125,-0.252385318,0.045400451
1126,0.484660352,0.121500098
1127,0.027044484,0.428677678
1128,0.443965548,-0.046854555
1129,0.218474741,0.258997699
1130,0.157454229,0.213658082
1131,-0.005828741,-0.365859816
1132,-0.064097293,-0.441005162
1133,0.250894521,0.045688492
1134,0.350409707,0.019712796
1135,-0.400343739,0.033530402
1136,0.141354243,-0.340829713
1137,-0.439373557,-0.164496531
1138,0.140581923,-0.349578854
1139,-0.266992257,-0.00867907
1140,-0.306943938,-0.339171705
1141,0.052118149,-0.35039107
1142,0.225783295,0.022097971
1143,-0.165935314,-0.161399292
1144,0.349370711,-0.225797226
1145,-0.03554578,-0.340903685
1146,0.287680009,-0.099729865
1147,-0.309760725,-0.311458025
1148,-0.248869088,-0.357134661
1149,0.313301475,-0.243113479
1150,-0.35627761,-0.247308361
1151,0.082455048,-0.374864014
1152,0.375181975,-0.31492764
1153,0.026386352,-0.232243859
1154,0.171768766,0.157806693
1155,-0.48762602,0.090143457
1156,0.320277838,-0.113345743
1157,-0.026759065,0.459032538
1158,0.38475364,-0.255492403
1159,0.026762431,-0.483215448
1160,0.324950315,0.277490895
1161,0.20501176,0.008042849
1162,-0.449094026,-0.187311395
1163,0.349097695,-0.101762383
1164,0.019032187,0.300017598
1165,0.24403224,-0.335594794
1166,0.223142116,-0.011837735
1167,0.203544415,-0.216876938
1168,-0.352393743,-0.016445578
1169,-0.423676141,0.257544645
1170,-0.386693525,0.22015513
1171,0.263946754,0.119165007
1172,-0.203885102,0.192159163
1173,-0.340825783,-0.075209396
1174,-0.248396451,-0.284138365
1175,0.053777353,0.485601727
1176,-0.471963056,0.073841014
1177,-0.276270207,0.105346632
1178,0.430492219,0.128958794
1179,-0.040692486,0.467611467
1180,0.141226052,-0.171006626
1181,0.329348113,-0.235417353
1182,-0.475097795,0.064541409
1183,-0.224720828,-0.318925216
1184,-0.256417998,-0.281794493
1185,0.098797053,-0.346610323
1186,0.071442499,0.255024603
1187,-0.27246338,0.232951495
1188,0.038817726,-0.453082723
1189,-0.204072623,0.331454886
1190,-0.390725879,-0.134911041
1191,0.229354541,0.091770175
1192,-0.053289891,-0.411396504
1193,-0.331094977,0.212804894
1194,0.294627997,0.363063767
1195,-0.445348931,0.171176943
1196,0.287469442,0.319806435
1197,-0.160173399,-0.183712309
1198,-0.438966033,-0.125513462
1199,0.18045186,-0.200213145
1200,0.438516725,-0.0178022
1201,0.147246869,-0.208923486
1202,0.245066264,0.118684029
1203,-0.36981049,0.201210822
1204,-0.478730112,0.134871232
1205,-0.085096569,-0.423777448
1206,0.14072168,-0.166453007
1207,0.467483209,0.078493809
1208,-0.256586923,0.131831923
1209,0.413446345,0.186387865
1210,0.187377095,0.330440204
1211,0.361147854,-0.015732381
1212,-0.045599953,-0.327935414
1213,0.107124137,0.482725259
1214,-0.372928038,0.139058241
1215,0.137815096,-0.417494884
1216,-0.058391248,-0.272773966
1217,0.080773319,-0.329381998
1218,0.158400685,-0.399075482
1219,-0.054358285,-0.258730938
1220,0.480541664,0.114146876
1221,0.331544148,-0.245648796
1222,-0.065609038,0.256312707
1223,0.376974448,-0.279994727
1224,-0.247375632,-0.356856175
1225,0.427461357,-0.142868518
1226,-0.373799421,0.195051585
1227,0.253416809,0.053362787
1228,-0.043215581,-0.253949372
1229,0.033069729,0.437186137
1230,0.030256691,0.381036093
1231,0.353193217,-0.125479235
1232,0.349391594,0.134667362
1233,-0.270236875,0.353987077
1234,-0.21989757,-0.047368054
1235,-0.070944308,0.343988753
1236,0.241898981,-0.3241472
1237,0.093224693,-0.292375145
1238,-0.003623311,0.342416453
1239,0.276237029,-0.236926563
1240,-0.299108926,0.127290812
1241,0.405453559,-0.025029557
1242,0.106446634,-0.391180848
1243,-0.259101255,0.07708714
1244,0.009200236,0.304426437
1245,0.3389108,-0.013671134
1246,-0.134843954,-0.2489975
1247,0.339540656,-0.133099391
1248,0.436898242,-0.134856786
1249,0.27657797,0.413158982
1250,-0.081981504,-0.220178913
1251,0.303110424,-0.004230559
1252,0.185416128,-0.408762198
1253,-0.412860277,0.008573336
1254,-0.25060817,0.120441553
1255,-0.04030613,0.275201949
1256,0.457696364,-0.053302887
1257,-0.181586077,0.258537411
1258,0.113619476,-0.217027883
1259,-0.279309029,0.204177335
1260,-0.322326987,0.356293445
1261,0.407513322,-0.032018454
1262,-0.137950056,0.411215034
1263,-0.155423905,0.362455483
1264,0.455735428,0.124437802
1265,0.263582622,0.415225898
1266,-0.088744338,-0.459339851
1267,0.180604016,-0.458602461
1268,0.319112997,-0.241443094
1269,0.366636591,-0.096756357
1270,0.098928801,-0.275304478
1271,-0.307002355,0.334909883
1272,0.005878885,-0.216431407
1273,0.22682382,0.418363449
1274,-0.412308316,0.024525744
1275,0.203641927,-0.452036504
1276,0.421192541,0.209377351
1277,-0.215667974,0.052985836
1278,0.203497316,-0.040942466
1279,0.054893572,0.43469683
1280,-0.124451208,-0.473818678
1281,-0.244359152,-0.028964373
1282,-0.326465141,-0.036280992
1283,0.425158589,-0.083353025
1284,-0.226320223,0.418215377
1285,-0.230089515,-0.019974458
1286,-0.073358217,-0.209300228
1287,-0.25550522,-0.308752146
1288,-0.496216974,0.034595672
1289,0.187195136,0.277119252
1290,-0.027822894,0.289190952
1291,-0.06573635,-0.343490182
1292,-0.288450941,-0.124781986
1293,-0.273036471,0.221729403
1294,0.057723096,-0.246140434
1295,0.137199991,0.469070983
1296,0.253599787,-0.358342917
1297,-0.194828943,0.157787643
1298,0.328882493,-0.196038004
1299,0.338096276,0.285103307
1300,0.164743012,-0.344800894
1301,-0.283674438,0.115439605
1302,0.299236948,-0.094113099
1303,0.173379224,0.393603072
1304,-0.007805363,-0.453034119
1305,-0.111216813,0.274917406
1306,0.22215163,-0.111237828
1307,-0.155101428,-0.407066765
1308,-0.346816566,-0.268571197
1309,0.148108972,0.387838634
1310,0.291261506,0.17472303
1311,-0.462846544,-0.155046517
1312,-0.16545659,0.163361155
1313,0.359717039,-0.333435112
1314,0.023388842,-0.481469969
1315,0.094714735,0.215537058
1316,0.446866522,0.123531803
1317,-0.1090151,0.19995193
1318,0.287802609,-0.100846958
1319,-0.067210826,0.467404041
1320,-0.231761358,-0.072582375
1321,-0.077726597,-0.31020795
1322,0.423143554,-0.189773484
1323,-0.389661911,0.300826282
1324,0.109175672,-0.445628938
1325,-0.392143607,0.076504153
1326,0.332210585,0.002578751
1327,-0.351748008,-0.295469715
1328,-0.24885543,-0.039916387
1329,0.213979159,0.117191328
1330,0.068586326,-0.226507267
1331,-0.247107459,-0.413992281
1332,-0.412267861,0.035856039
1333,-0.201072941,-0.026119979
1334,-0.126496821,0.351019528
1335,0.05711195,-0.42111622
1336,-0.060495244,0.306923708
1337,-0.351061966,0.122903497
1338,-0.122912426,0.232604315
1339,-0.257018794,0.061476169
1340,0.193669918,-0.202221774
1341,-0.366119531,-0.156432107
1342,0.177082569,0.233785044
1343,0.247775465,0.331782357
1344,0.330446158,-0.311323705
1345,-0.090370364,-0.189961886
1346,0.417106135,-0.050113812
1347,0.286184733,-0.282089866
1348,-0.104987384,-0.319551047
1349,-0.303528449,0.328947266
1350,-0.240821241,0.153320215
1351,-0.045001938,-0.322222494
1352,-0.482909191,-0.06992655
1353,0.074839472,-0.229200808
1354,0.278792761,-0.097667658
1355,-0.36363331,0.016364058
1356,-0.413399375,-0.157905712
1357,-0.447406282,-0.12379388
1358,-0.040332018,-0.301716266
1359,0.355769967,-0.199019833
1360,-0.179167103,0.152366546
1361,-0.395530922,0.213358136
1362,0.35678155,-0.212950592
1363,-0.018379955,-0.447501506
1364,-0.161618163,-0.164196102
1365,-0.428209428,0.233372053
1366,0.370006819,-0.093768724
1367,-0.27102625,-0.237258293
1368,0.387743948,0.147711363
1369,0.017890142,-0.315679419
1370,0.09974472,-0.355068058
1371,0.125152703,0.418534962
1372,0.274841873,-0.162785325
1373,0.46438068,0.05072614
1374,-0.393862235,0.022113096
1375,0.004480073,-0.49430495
1376,-0.05742347,0.207548811
1377,0.201462377,0.265921725
1378,0.21496761,-0.443488263
1379,0.415937747,0.205147255
1380,0.296644943,0.164848261
1381,0.324237701,-0.129795787
1382,0.41081005,0.275660573
1383,0.328913038,-0.004249351
1384,0.077590825,0.400159239
1385,-0.020408918,-0.454418008
1386,-0.000351917,-0.313541974
1387,-0.357199638,-0.268365166
1388,0.373677627,0.274981778
1389,0.327691285,-0.247962775
1390,0.118693874,0.25740315
1391,0.022046479,-0.343615215
1392,0.051335031,-0.470687567
1393,-0.204438485,-0.148048161
1394,-0.348990753,-0.289304565
1395,0.281930535,0.234212133
1396,0.262452929,-0.119940476
1397,-0.396862918,0.154413592
1398,0.079158206,0.429458259
1399,0.188534577,-0.324213984
1400,-0.255579599,0.292389839
1401,0.131905544,0.267472809
1402,-0.211054902,-0.009842565
1403,-0.212272218,0.38117849
1404,-0.223681326,-0.363576668
1405,-0.032304324,-0.20277895
1406,-0.072714538,0.316317226
1407,0.201004668,-0.287277378
1408,-0.122806027,-0.264337796
1409,-0.184267694,-0.425489631
1410,0.364949511,0.24827641
1411,-0.183722525,0.215023682
1412,0.275452871,-0.059690987
1413,0.27423681,0.032281387
1414,0.023339687,-0.418393867
1415,-0.274095673,-0.200355024
1416,0.02297939,0.497260437
1417,0.311160155,-0.036722416
1418,0.34063947,-0.08357689
1419,-0.349839016,-0.113245002
1420,0.167334318,0.139765056
1421,-0.197706704,-0.437674598
1422,-0.145167262,-0.208355808
1423,0.01234487,0.203877209
1424,0.346114199,-0.321311688
1425,-0.378141465,-0.308305427
1426,-0.135575481,-0.26929306
1427,-0.261563946,-0.139554063
1428,-0.358790606,0.12194676
1429,-0.150008607,0.288770869
1430,0.414391675,0.245527005
1431,0.152818874,-0.234028272
1432,-0.316658821,-0.001042944
1433,-0.256975095,0.347770697
1434,-0.091940932,-0.18731268
1435,-0.270962405,0.205014566
1436,0.361422096,0.333098838
1437,-0.224553663,-0.285991877
1438,0.323152913,-0.298777566
1439,-0.245468748,-0.16325565
1440,-0.166455758,-0.32412526
1441,-0.313269957,-0.331096381
1442,0.211243108,0.321056881
1443,0.395560508,-0.274793894
1444,0.206588742,0.305616658
1445,0.006630388,0.234497382
1446,-0.364428844,0.148199257
1447,0.359634655,-0.303925726
1448,0.349869877,-0.103458033
1449,-0.128259235,0.475033084
1450,-0.380221396,0.07017278
1451,0.44958372,0.194539633
1452,0.156655775,-0.233432813
1453,0.210146194,-0.056951367
1454,0.084022337,0.423031857
1455,-0.057968569,-0.330118521
1456,0.069271954,0.261415334
1457,-0.15550931,-0.32122826
1458,-0.238081198,-0.345817686
1459,-0.322513716,0.20330236
1460,0.200013282,-0.449583164
1461,0.311216021,-0.149176461
1462,-0.372972366,0.134660468
1463,-0.340389019,-0.00516002
1464,-0.272237688,-0.084823306
1465,-0.374985481,0.076995335
1466,-0.076642429,0.270286989
1467,-0.172454251,-0.122008444
1468,-0.393669608,-0.122239298
1469,-0.194134548,-0.124913101
1470,-0.230097523,0.068562756
1471,-0.146309177,-0.424791368
1472,0.013712631,-0.417954431
1473,0.258294037,0.087021177
1474,0.063997304,-0.255752799
1475,-0.219550887,0.377766864
1476,-0.119212645,-0.270704094
1477,0.188100635,0.224444883
1478,0.483146615,-0.110238936
1479,-0.307070343,-0.205580739
1480,-0.441198678,0.014396894
1481,0.352099566,-0.12073788
1482,-0.313586322,-0.35759845
1483,0.20660523,0.235960109
1484,0.360854879,-0.196067534
1485,-0.206001262,0.340258387
1486,-0.205082724,-0.276887414
1487,-0.134578395,0.283512646
1488,0.099954735,-0.318563449
1489,-0.383572658,0.014042354
1490,-0.032714182,-0.46515682
1491,0.355374571,-0.092473649
1492,-0.305313002,-0.365075289
1493,-0.209695607,-0.144876634
1494,0.040395499,0.414386505
1495,0.447180567,0.057949047
1496,0.235022276,0.063793627
1497,0.06788259,0.37570782
1498,0.233442422,-0.195649502
1499,-0.424469707,-0.095742279
1500,-0.003148746,0.450100875
1501,0.222019989,0.141676975
1502,0.200721626,0.398469506
1503,0.04337154,0.25188979
1504,-0.245811728,-0.211374585
1505,-0.315772066,0.371370599
1506,0.259760579,-0.315101758
1507,0.313712589,0.181067993
1508,-0.068690368,0.209451642
1509,0.433524954,-0.225412762
1510,-0.04724243,-0.426152133
1511,0.030386452,-0.260717458
1512,0.234163859,0.338441932
1513,0.206165472,-0.154095719
1514,0.407130527,-0.173256689
1515,0.232394948,-0.19234854
1516,0.473899858,-0.110654911
1517,0.378329665,-0.084652083
1518,-0.303179304,0.111767666
1519,-0.210169511,0.296332224
1520,-0.3507747,0.100804188
1521,0.189805417,-0.362711912
1522,-0.31653579,-0.371877119
1523,0.242037054,0.354136949
1524,-0.060299327,-0.35831443
1525,-0.222905529,-0.157891206
1526,0.12922574,0.159177287
1527,-0.112843251,-0.195975269
1528,0.365468443,-0.252268041
1529,0.2313605,-0.441478631
1530,0.121109035,0.449411815
1531,-0.327219367,0.072362199
1532,-0.417434033,-0.181164238
1533,0.430731909,0.250191822
1534,0.144801359,0.321375488
1535,0.478786093,0.06502922
1536,0.347381258,-0.053472295
1537,0.079123543,0.416800864
1538,-0.304532807,0.02230442
1539,0.046157187,-0.351185253
1540,0.408556724,-0.272388287
1541,0.292659273,-0.146581954
1542,0.362843323,0.053751746
1543,0.242275453,-0.369556775
1544,0.324304711,0.139263237
1545,0.156057649,-0.474647187
1546,-0.45825193,-0.068516898
1547,-0.464208608,-0.145652671
1548,0.338421105,0.244396428
1549,-0.406719232,0.10384933
1550,-0.250361925,0.013584516
1551,0.38746187,0.258783169
1552,0.438087738,0.194439927
1553,0.038929381,0.285331245
1554,0.050521251,0.266543405
1555,0.446232713,-0.134631017
1556,0.21189784,0.061078261
1557,-0.286450376,-0.067103963
1558,-0.416729797,-0.275179131
1559,-0.326466284,-0.051811195
1560,0.260983782,-0.356757214
1561,0.094376056,0.263375817
1562,0.370215951,-0.167926023
1563,-0.250188827,-0.035436257
1564,0.490584592,0.036953085
1565,-0.424073029,-0.160600851
1566,-0.268323398,-0.108597965
1567,-0.426589197,0.211466758
1568,0.471610047,-0.151017972
1569,0.043619367,0.375895473
1570,0.105189461,0.222510582
1571,0.208879575,0.386808965
1572,-0.16594395,0.165384968
1573,0.346036188,-0.00320056
1574,0.230797136,0.267202857
1575,0.009801988,-0.261498852
1576,0.197324292,-0.299806206
1577,-0.346073552,0.074472254
1578,-0.133013076,-0.371081556
1579,-0.323312129,0.162312043
1580,-0.370915137,0.139244341
1581,0.27851213,0.150027441
1582,-0.259468852,0.112390774
1583,0.013462892,0.317375836
1584,0.075166241,0.474602616
1585,0.32093309,-0.079072654
1586,-0.149186376,-0.270682799
1587,0.123230486,0.281867605
1588,0.236539038,-0.183196746
1589,-0.475925703,-0.07958237
1590,-0.096546325,-0.312769065
1591,-0.074611815,-0.199567682
1592,0.128646938,0.200585359
1593,0.197960992,-0.165871935
1594,0.036029687,-0.252612407
1595,-0.091880432,0.331785509
1596,0.338074599,-0.335780958
1597,-0.463679936,-0.021258595
1598,0.246696751,0.434550933
1599,-0.249845357,0.057144167
1600,-0.068353772,-0.255033491
1601,0.002585035,0.366115997
1602,0.450494764,0.099193891
1603,-0.230510761,0.10689568
1604,-0.473671874,-0.089051644
1605,-0.254790311,-0.224744218
1606,0.093600622,0.209116679
1607,-0.039353451,-0.383447297
1608,0.39759592,0.142523577
1609,0.130885854,0.393213648
1610,-0.404227454,-0.125695718
1611,-0.28068515,0.156231045
1612,0.109108469,-0.351359455
1613,-0.249201297,0.400617694
1614,0.000904138,-0.381865059
1615,0.384496441,0.311719686
1616,-0.458843134,0.028684711
1617,0.312718786,0.222604302
1618,-0.320437182,0.294148056
1619,0.051708984,-0.234923427
1620,0.133662023,0.225983282
1621,0.321147313,0.342138509
1622,-0.346226103,0.262010157
1623,0.012321106,-0.373895514
1624,-0.431616373,-0.211674447
1625,-0.219938181,0.331994784
1626,0.391458922,-0.123124215
1627,0.409828372,0.042031086
1628,0.083820902,-0.43142549
1629,-0.260399105,-0.002160355
1630,-0.324828341,0.139665103
1631,-0.005594472,-0.45483314
1632,0.378385342,0.114650152
1633,-0.132937847,-0.153522239
1634,0.196340583,-0.33835277
1635,0.050990477,-0.300073308
1636,-0.011307522,0.446404741
1637,0.389229136,-0.113736518
1638,-0.253712901,-0.175161738
1639,0.370780793,-0.330877651
1640,0.001047329,-0.318269341
1641,-0.194194739,0.227842369
1642,0.107346304,-0.257176385
1643,-0.219878041,0.023930042
1644,0.376219232,-0.250825986
1645,-0.347073404,-0.33920808
1646,-0.247551287,-0.106662068
1647,-0.218186749,0.116513773
1648,0.327416921,0.133402222
1649,-0.014641422,0.390064926
1650,-0.318049739,-0.127545235
1651,-0.368124686,0.042635688
1652,0.396116094,0.104151006
1653,-0.191448764,-0.091154396
1654,-0.244002604,-0.022562565
1655,0.303841072,0.267488938
1656,0.199507152,-0.060044383
1657,0.244783791,0.369432868
1658,0.047938497,0.373196254
1659,0.454069819,0.200635512
1660,-0.374553921,-0.081796826
1661,-0.00959224,0.342532425
1662,0.200460202,-0.259403763
1663,0.236354919,0.212848931
1664,0.088712946,-0.361112507
1665,0.337232446,0.08818986
1666,-0.131877392,-0.428813945
1667,-0.259645505,0.093779129
1668,0.277431631,0.178958203
1669,-0.319625187,-0.283449836
1670,-0.006537627,0.203274047
1671,-0.339124255,-0.301964191
1672,0.110792944,0.293577336
1673,0.352495359,-0.024135119
1674,0.058189747,0.194866843
1675,0.342044646,-0.138720324
1676,-0.35511604,-0.01382414
1677,0.120177209,0.371184637
1678,-0.210414386,0.277045076
1679,-0.365669004,-0.128532238
1680,0.369175732,-0.219402832
1681,0.305132841,0.219876696
1682,-0.285063515,0.338340896
1683,0.361918289,-0.037776472
1684,-0.18588248,0.340227772
1685,-0.419338809,0.269441222
1686,-0.151961132,-0.260344703
1687,0.422429023,-0.231907727
1688,0.303066158,-0.325536307
1689,-0.214580913,-0.282733084
1690,-0.400307388,-0.013263655
1691,0.225762967,0.005070189
1692,0.385554973,-0.10113719
1693,-0.212264327,0.216975673
1694,-0.174301124,0.298039531
1695,0.406690739,-0.105645743
1696,-0.495009511,0.003279555
1697,-0.193953413,0.271184055
1698,0.285572847,0.355631163
1699,0.082661723,-0.191979754
1700,0.250767304,0.338803289
1701,-0.099859478,-0.444211175
1702,0.237462177,-0.301277092
1703,0.04236575,0.306730857
1704,-0.220746017,-0.251761821
1705,-0.025851763,-0.281014924
1706,-0.239247489,-0.141297879
1707,-0.106958403,-0.203859463
1708,0.37946549,-0.304883078
1709,-0.210534074,-0.102733958
1710,-0.010729561,-0.402284879
1711,-0.128231917,0.449285225
1712,0.258958023,0.316053461
1713,-0.108354563,-0.314288556
1714,-0.207354925,0.166554221
1715,-0.417483983,0.062265827
1716,0.345679515,0.046045616
1717,0.097576828,0.336640647
1718,-0.025903038,0.258271058
1719,-0.181594915,-0.327820079
1720,0.1730816,0.199071132
1721,-0.21321134,0.365108894
1722,-0.334476997,-0.120723728
1723,-0.423491437,0.240355363
1724,0.196478945,0.107961772
1725,0.337142072,-0.255334578
1726,0.179671851,-0.283507918
1727,0.229735789,0.176797846
1728,0.335175274,-0.112514107
1729,0.115134132,-0.457339942
1730,-0.262005834,0.227598854
1731,0.431459537,0.037195902
1732,0.311612305,-0.294915868
1733,-0.326099817,0.308989571
1734,-0.209713587,0.317884739
1735,-0.244897229,-0.117658919
1736,0.337299461,-0.187743542
1737,0.013294557,-0.309614214
1738,-0.163475693,0.248258771
1739,-0.433342843,0.091268565
1740,0.044647525,-0.461238957
1741,-0.117615593,0.27182372
1742,0.389678159,-0.289007769
1743,0.008182453,-0.394257499
1744,0.267035862,0.115941792
1745,0.050171477,-0.405943582
1746,0.003232891,0.339458935
1747,-0.165494452,-0.249098885
1748,0.239621644,0.299993116
1749,-0.324139503,-0.350982319
1750,-0.301495679,-0.305311934
1751,-0.039476479,-0.456229656
1752,-0.28130538,0.370581242
1753,0.288911792,-0.044574604
1754,0.267379121,-0.151189631
1755,-0.327909168,-0.066400398
1756,-0.076672717,0.286422705
1757,-0.228958229,0.111515944
1758,-0.416432453,0.038553648
1759,0.295638453,0.335104325
1760,0.456381125,-0.133854542
1761,0.369447416,0.013985091
1762,-0.15826211,0.29460052
1763,-0.04746553,0.232715253
1764,-0.129718797,0.213036827
1765,0.450839973,0.170390457
1766,0.155170315,0.229279478
1767,-0.288853244,0.1453299
1768,0.27784545,-0.073423666
1769,-0.149766606,0.369873252
1770,0.017670124,0.253790261
1771,0.171207484,-0.322109214
1772,0.212754219,0.109539022
1773,-0.410408238,-0.125053972
1774,0.065934916,0.201182325
1775,-0.156399055,-0.441972337
1776,0.161508692,-0.243798485
1777,-0.459724515,0.189244236
1778,0.064646441,-0.379066143
1779,0.251454697,-0.306101189
1780,0.230669484,-0.000814446
1781,-0.340295287,-0.161443719
1782,-0.206227568,-0.383966398
1783,0.127528661,0.387923756
1784,-0.226699659,0.056403695
1785,0.417057533,-0.017561199
1786,0.18910849,-0.206709258
1787,0.376028173,0.141202769
1788,-0.170569826,0.30164203
1789,-0.311481457,0.357435268
1790,-0.054859561,-0.390948125
1791,0.288866577,0.142024034
1792,-0.110326723,0.439516462
1793,0.202002257,0.100933897
1794,0.448949496,-0.215469316
1795,0.348531221,0.219124514
1796,0.430426769,-0.130582845
1797,0.298794027,0.003937451
1798,-0.385005553,0.087830447
1799,-0.314655274,-0.244459424
1800,0.426058883,-0.143163895
1801,0.424648036,0.177615154
1802,0.051612189,-0.228875406
1803,0.31836649,-0.095542608
1804,-0.201701624,-0.295335987
1805,0.211810884,-0.229131818
1806,-0.28666061,0.180482063
1807,-0.181224293,0.405595497
1808,-0.353821828,-0.169444832
1809,0.252900488,0.133789896
1810,0.323601854,-0.074863437
1811,-0.322332358,0.113301477
1812,0.322470155,-0.187953257
1813,0.035414174,-0.448007837
1814,0.337751553,0.114999805
1815,0.457644679,-0.106256117
1816,0.409078291,0.034781253
1817,0.311696991,0.091394156
1818,0.300200599,-0.071408503
1819,0.379201836,0.150061079
1820,-0.014749119,-0.413318084
1821,0.45675565,-0.001191226
1822,-0.144846141,-0.199609078
1823,0.001413026,0.208399078
1824,0.290313722,-0.394678894
1825,-0.060717988,-0.221786111
1826,-0.325414839,0.35541361
1827,0.176249893,-0.264447436
1828,0.129027886,-0.201281459
1829,-0.485409919,0.040134185
1830,-0.247158888,0.182053421
1831,0.250201819,0.02475067
1832,-0.331925137,-0.170174199
1833,-0.425025346,0.107665885
1834,-0.313856907,-0.066557743
1835,-0.051844304,-0.310329864
1836,-0.031336818,0.34961871
1837,0.02078874,0.227847471
1838,-0.21775513,0.00870343
1839,0.223264401,-0.062030751
1840,-0.212325743,0.359550052
1841,-0.018519164,0.363697092
1842,-0.157127863,0.307022602
1843,-0.374459887,0.158383086
1844,0.300581816,-0.274205424
1845,-0.440904854,-0.194890407
1846,-0.324038006,-0.368394677
1847,-0.294399071,0.103165858
1848,0.04563035,-0.350183519
1849,-0.247665159,-0.174839988
1850,-0.41811279,-0.094740248
1851,-0.241576071,-0.057136814
1852,0.408683763,-0.085198193
1853,0.11034513,-0.401615102
1854,0.24888452,0.429504078
1855,-0.274599602,-0.170022066
1856,-0.425993834,-0.161020724
1857,0.378964513,0.076744981
1858,-0.180293379,0.410591513
1859,-0.044645996,-0.290490936
1860,-0.471559512,-0.077273005
1861,-0.262888639,0.212687822
1862,-0.272512673,-0.273243133
1863,0.36920629,-0.207011569
1864,0.120787989,0.301021092
1865,-0.14552112,0.434198051
1866,0.412407514,-0.059924469
1867,0.412661912,0.123481778
1868,0.254421839,0.043178144
1869,0.163134024,0.158188815
1870,0.212252631,0.399178545
1871,0.140211951,-0.417552017
1872,-0.412505056,0.162135568
1873,0.114002106,-0.231526411
1874,0.108784802,0.437422012
1875,0.070396814,-0.450517286
1876,0.321859779,0.042158655
1877,-0.305138419,0.11602356
1878,-0.171590786,0.15384961
1879,0.440654222,0.195632334
1880,0.236812421,0.289325426
1881,-0.277368302,0.337407845
1882,-0.427951611,-0.171783838
1883,-0.094607815,0.354280703
1884,0.183556611,0.167410173
1885,0.252543536,0.286645915
1886,0.272702673,0.247342207
1887,0.02025766,0.480841798
1888,-0.291975014,-0.097795207
1889,0.072024434,0.241557141
1890,-0.148099526,0.236136387
1891,-0.161606774,0.183851703
1892,-0.25699633,-0.068379727
1893,-0.199276673,0.438645364
1894,-0.196643584,0.413161273
1895,-0.353921858,-0.147615542
1896,-0.240728134,-0.086316788
1897,0.022451202,0.202072618
1898,-0.237429167,0.098996622
1899,0.33660341,-0.01145138
1900,-0.063830745,0.232292169
1901,-0.12932501,0.433945551
1902,-0.481309535,-0.020549096
1903,-0.26717756,-0.326495403
1904,0.308750374,0.261237676
1905,-0.283768879,-0.240655114
1906,0.3329081,-0.229296954
1907,0.082313834,-0.341952027
1908,0.153708737,-0.175982956
1909,-0.011067837,0.319554823
1910,-0.328854419,0.074006073
1911,0.330679912,-0.319194662
1912,0.427566583,0.047749351
1913,0.28662535,-0.180633501
1914,-0.102314554,-0.378943902
1915,0.307576766,-0.324585176
1916,-0.270490936,-0.158057548
1917,-0.464465765,0.016237619
1918,-0.162011774,-0.34226048
1919,-0.217272014,0.0355248
1920,0.120222212,-0.381211096
1921,0.139617343,0.329334647
1922,-0.369881954,-0.122925969
1923,-0.081856952,0.320561483
1924,-0.288476298,-0.343654321
1925,0.292943045,0.298112324
1926,0.180721366,0.445949687
1927,-0.392169281,0.145605792
1928,-0.302100925,0.156922917
1929,0.211489023,0.237792548
1930,-0.210670238,-0.246882902
1931,-0.260709431,-0.234629129
1932,-0.214164011,0.196645974
1933,-0.386166788,-0.070666833
1934,0.339805801,-0.132227937
1935,0.462033709,0.09065341
1936,-0.189740729,-0.149298256
1937,-0.227008006,0.244515643
1938,-0.105706536,-0.347818728
1939,0.469427398,0.055284547
1940,-0.410350252,-0.168403725
1941,-0.347385695,-0.09075077
1942,0.440440814,0.065523628
1943,-0.419646359,-0.232102241
1944,0.250148026,-0.222857535
1945,0.296644627,0.372637813
1946,0.17554306,-0.465948919
1947,-0.041719415,0.306976457
1948,-0.238292411,0.096523197
1949,-0.283847087,0.347925662
1950,0.259966549,0.134560723
1951,0.196784933,0.314918335
1952,-0.434647753,0.245516165
1953,-0.319617593,-0.333217478
1954,0.203845902,0.107052399
1955,0.294330564,0.312732621
1956,0.047458713,-0.348554461
1957,-0.368092375,-0.189604591
1958,-0.394512734,0.26807381
1959,-0.144828671,-0.459497061
1960,0.19798974,0.143639844
1961,0.273595734,0.267272896
1962,-0.186866211,0.085253332
1963,-0.259553012,-0.240108477
1964,0.366266972,0.017206695
1965,-0.379086855,-0.079740558
1966,0.115234604,-0.347567918
1967,-0.441139717,-0.004206022
1968,-0.273107297,-0.334566197
1969,0.076705513,-0.444980853
1970,0.299806465,0.106905968
1971,-0.109009488,0.301281052
1972,-0.359515742,-0.194920746
1973,-0.258088582,-0.198277533
1974,0.175322996,-0.287657788
1975,-0.396318068,-0.218359176
1976,0.135424118,0.282541903
1977,0.32304251,-0.087692211
1978,-0.350578722,0.074272107
1979,0.302051363,0.05680659
1980,-0.163162248,-0.442820969
1981,-0.384371781,0.180460716
1982,0.376562744,0.244220687
1983,0.138202676,0.314911821
1984,0.353132166,-0.046172476
1985,0.048981948,-0.348553988
1986,0.24213524,0.298886284
1987,-0.245817759,0.175645937
1988,0.416544449,0.122489229
1989,-0.099630949,-0.429466492
1990,-0.013502753,-0.366195077
1991,-0.038702477,0.383542988
1992,-0.161953048,0.217943928
1993,0.196901896,-0.138604736
1994,-0.198045045,-0.436931401
1995,-0.163886538,0.219319014
1996,0.27701406,0.402467422
1997,0.084206994,0.337054692
1998,-0.064739567,0.346492464
1999,0.383369081,-0.171883421
2000,0.196617701,0.046461851
2001,-0.26941069,-0.164547532
2002,0.295760087,0.080689871
2003,-0.099594942,-0.251776766
2004,0.227000113,-0.283466491
2005,0.164174212,0.369251656
2006,0.146911987,-0.368147046
2007,-0.016847436,-0.330037769
2008,-0.271228624,0.259817391
2009,-0.199529671,0.198116503
2010,0.068434068,0.308044125
2011,-0.334120628,-0.336884443
2012,0.370414365,-0.145076399
2013,0.338492576,0.187460161
2014,-0.460723627,-0.149616695
2015,-0.39074139,-0.016065703
2016,0.416801197,0.192810438
2017,0.177653328,-0.181401281
2018,0.446772593,-0.039092582
2019,0.43390546,-0.024898918
2020,-0.163250468,-0.172048539
2021,0.440222983,-0.157036367
2022,0.151712942,-0.441526566
2023,0.176872978,-0.254405645
2024,0.391374884,0.108135983
2025,-0.151587779,-0.15074061
2026,0.237871154,-0.11619138
2027,0.028053897,-0.483077907
2028,-0.301769741,0.024670741
2029,0.43902135,0.199082187
2030,0.289507391,-0.366860713
2031,0.241245385,0.369510494
2032,0.260974001,0.348391075
2033,0.310334193,0.380241346
2034,-0.239470718,0.237845405
2035,-0.130516206,0.314563796
2036,-0.295056671,-0.001581453
2037,0.151454447,-0.349194354
2038,0.045627201,-0.460979304
2039,0.02656037,0.402797909
2040,0.12996672,-0.249200368
2041,0.220936054,-0.220326097
2042,0.289866783,0.255517477
2043,-0.305497149,-0.379942647
2044,-0.134987352,0.323333824
2045,0.3459102,-0.212252713
2046,-0.202615837,0.397122208
2047,-0.105251507,0.212294187
2048,0.013835068,0.421559801
2049,-0.0945443,0.401861078
2050,0.066085319,0.391326267
2051,0.034457883,0.363278528
2052,-0.05076812,-0.383869078
2053,-0.11538986,-0.262839961
2054,-0.028753118,0.43374729
2055,-0.41798073,0.049193137
2056,-0.477678761,0.067874175
2057,0.299700782,0.107189641
2058,0.395797879,-0.219336883
2059,0.240160325,0.385805605
2060,-0.078631276,0.431843296
2061,0.418176843,-0.079992818
2062,0.437480934,0.211523404
2063,-0.042077952,0.424018845
2064,-0.334505095,-0.034332529
2065,-0.281209135,0.405639813
2066,0.242037881,0.374812175
2067,-0.306724752,-0.275838121
2068,0.454751987,0.114579832
2069,-0.020325677,-0.459156342
2070,0.127188683,-0.353802547
2071,-0.114529046,0.263666725
2072,0.052698323,-0.324274645
2073,0.013912029,0.311430092
2074,-0.267060118,-0.319740179
2075,-0.098535767,-0.270949181
2076,-0.337280697,-0.134037699
2077,-0.194053022,-0.363325112
2078,-0.122993761,0.304194321
2079,-0.077295735,0.428462206
2080,0.025668219,0.25231884
2081,0.290023178,0.243536764
2082,0.461019131,-0.107987216
2083,0.347162332,0.101372254
2084,0.366841779,-0.164497401
2085,0.293095351,-0.043941955
2086,-0.368384001,0.066162355
2087,0.072009801,-0.463867365
2088,-0.264172474,-0.211223164
2089,-0.27519438,-0.087621321
2090,0.006337114,0.295907318
2091,0.233344387,-0.316482045
2092,0.226988343,0.242480872
2093,-0.279005684,0.245113982
2094,0.233653234,-0.210536581
2095,0.217566434,0.445289229
2096,0.411192395,-0.136940278
2097,0.07027911,0.267399711
2098,0.050207142,0.402387736
2099,0.429833944,0.014570957
2100,-0.413168548,0.019592296
2101,0.106158456,-0.188258143
2102,0.101783773,-0.175531652
2103,-0.313056953,-0.182036746
2104,-0.433966357,0.215801615
2105,-0.323573777,0.302871037
2106,0.132989463,-0.211355321
2107,-0.188889454,0.392401474
2108,0.005401017,-0.38563727
2109,0.157616935,0.199498226
2110,0.12326348,0.346373319
2111,-0.324703238,-0.133856886
2112,-0.2266593,0.249971466
2113,0.395414107,0.292993046
2114,-0.161987358,-0.300311844
2115,-0.108197211,0.308488303
2116,-0.213697971,0.351088094
2117,-0.004945672,0.426310465
2118,0.260590883,-0.34949475
2119,-0.036484035,0.32598859
